,user,rate_blink_left,rate_blink_right,rate_smile_or_not,feel
1557,5,0.99,0.85,0.99,2
1558,5,0.99,0.86,0.99,2
1559,5,0.99,0.86,0.99,2
1560,5,0.99,0.86,0.99,2
1561,5,0.99,0.99,0.08,1
1562,5,1.0,1.0,0.0,1
1563,5,0.99,0.99,0.02,1
1564,5,0.99,0.99,0.02,1
1565,5,0.99,0.99,0.02,1
1566,5,0.99,0.99,0.02,1
1567,5,0.99,0.99,0.02,1
1568,5,0.99,0.99,0.02,1
1569,5,0.99,0.99,0.02,1
1570,5,0.99,0.99,0.01,1
1571,5,0.99,0.99,0.01,1
1572,5,0.99,0.99,0.01,1
1573,5,0.99,0.99,0.01,1
1574,5,0.99,0.99,0.01,1
1575,5,0.99,0.99,0.01,1
1576,5,0.99,0.99,0.06,1
1577,5,0.99,0.99,0.06,1
1578,5,0.99,0.99,0.06,1
1579,5,0.99,0.99,0.02,1
1580,5,0.99,0.99,0.02,1
1581,5,0.99,0.99,0.02,1
1582,5,0.99,0.99,0.02,1
1583,5,0.99,0.99,0.02,1
1584,5,0.99,0.99,0.02,1
1585,5,0.99,0.98,0.08,1
1586,5,0.99,0.98,0.08,1
1587,5,0.99,0.98,0.08,1
1588,5,0.99,0.99,0.06,1
1589,5,0.99,0.99,0.06,1
1590,5,0.99,0.99,0.06,1
1591,5,0.99,0.99,0.02,1
1592,5,0.99,0.99,0.02,1
1593,5,0.99,0.99,0.02,1
1594,5,0.99,0.99,0.06,1
1595,5,0.99,0.99,0.06,1
1596,5,0.99,0.99,0.06,1
1597,5,0.99,0.99,0.06,1
1598,5,0.99,0.99,0.05,1
1599,5,0.99,0.99,0.05,1
1600,5,0.99,0.99,0.05,1
1601,5,0.99,0.99,0.04,1
1602,5,0.99,0.99,0.04,1
1603,5,0.99,0.99,0.04,1
1604,5,0.99,0.99,0.1,1
1605,5,0.99,0.99,0.1,1
1606,5,0.99,0.99,0.1,1
1607,5,0.99,0.99,0.11,1
1608,5,0.99,0.99,0.11,1
1609,5,0.99,0.99,0.11,1
1610,5,0.99,0.99,0.05,1
1611,5,0.99,0.99,0.05,1
1612,5,0.99,0.99,0.05,1
1613,5,0.99,0.99,0.05,1
1614,5,0.99,0.99,0.05,1
1615,5,0.99,0.99,0.05,1
1616,5,0.99,0.99,0.06,1
1617,5,0.99,0.99,0.06,1
1618,5,0.99,0.99,0.06,1
1619,5,0.99,0.99,0.04,1
1620,5,0.99,0.99,0.04,1
1621,5,0.48,0.13,0.11,0
1622,5,0.48,0.13,0.11,0
1623,5,0.48,0.13,0.11,0
1624,5,0.89,0.65,0.14,0
1625,5,0.89,0.65,0.14,0
1626,5,0.89,0.65,0.14,0
1627,5,0.99,0.99,0.05,0
1628,5,0.99,0.99,0.05,0
1629,5,0.99,0.99,0.05,0
1630,5,0.99,0.99,0.05,0
1631,5,0.99,0.99,0.05,0
1632,5,0.99,0.99,0.05,0
1633,5,0.99,0.99,0.01,0
1634,5,0.99,0.99,0.01,0
1635,5,0.99,0.99,0.01,0
1636,5,0.99,0.99,0.01,0
1637,5,0.99,0.99,0.01,0
1638,5,0.99,0.99,0.01,0
1639,5,0.99,0.99,0.01,0
1640,5,0.99,0.99,0.01,0
1641,5,0.99,0.99,0.01,0
1642,5,0.99,0.99,0.01,0
1643,5,0.99,0.99,0.01,0
1644,5,0.99,0.99,0.01,0
1645,5,0.99,0.99,0.01,0
1646,5,0.99,0.99,0.01,0
1647,5,0.99,0.99,0.01,0
1648,5,0.99,0.99,0.01,0
1649,5,0.99,0.99,0.01,0
1650,5,0.99,0.99,0.01,0
1651,5,0.99,0.99,0.01,0
1652,5,0.99,0.99,0.01,0
1653,5,0.99,0.99,0.01,0
1654,5,0.99,0.99,0.01,0
1655,5,0.99,0.99,0.01,0
1656,5,0.99,0.99,0.01,0
1657,5,0.99,0.99,0.01,0
1658,5,0.99,0.99,0.01,0
1659,5,0.99,0.99,0.01,0
1660,5,0.99,0.99,0.01,0
1661,5,0.99,0.99,0.01,0
1662,5,0.99,0.99,0.01,0
1663,5,0.99,0.99,0.01,0
1664,5,0.99,0.99,0.01,0
1665,5,0.99,0.99,0.01,0
1666,5,0.99,0.99,0.01,0
1667,5,0.99,0.99,0.01,0
1668,5,0.99,0.99,0.01,0
1669,5,0.99,0.99,0.01,0
1670,5,0.99,0.99,0.01,0
1671,5,0.99,0.99,0.01,0
1672,5,0.99,0.99,0.01,0
1673,5,0.99,0.99,0.01,0
1674,5,0.99,0.99,0.01,0
1675,5,0.99,0.99,0.01,0
1676,5,0.99,0.99,0.01,0
1677,5,0.99,0.99,0.01,0
1678,5,0.99,0.99,0.01,0
1679,5,0.99,0.99,0.01,0
1680,5,0.99,0.99,0.01,0
1681,5,0.99,0.99,0.01,1
1682,5,0.99,0.99,0.01,1
1683,5,0.99,0.99,0.01,1
1684,5,0.99,0.99,0.01,1
1685,5,0.99,0.99,0.01,1
1686,5,0.99,0.99,0.01,1
1687,5,0.99,0.99,0.01,1
1688,5,0.99,0.99,0.01,1
1689,5,0.99,0.99,0.01,1
1690,5,0.99,0.99,0.01,1
1691,5,0.99,0.99,0.01,1
1692,5,0.99,0.99,0.01,1
1693,5,0.99,0.99,0.01,1
1694,5,0.99,0.99,0.01,1
1695,5,0.99,0.99,0.07,1
1696,5,0.99,0.99,0.07,1
1697,5,0.99,0.99,0.07,1
1698,5,1.0,0.99,0.06,1
1699,5,1.0,0.99,0.06,1
1700,5,1.0,0.99,0.06,1
1701,5,1.0,0.99,0.07,1
1702,5,1.0,0.99,0.07,1
1703,5,1.0,0.99,0.07,1
1704,5,0.99,0.99,0.05,1
1705,5,0.99,0.99,0.05,1
1706,5,0.99,0.99,0.05,1
1707,5,0.99,0.99,0.05,1
1708,5,0.99,0.99,0.05,1
1709,5,0.99,0.99,0.05,1
1710,5,0.99,0.99,0.09,1
1711,5,0.99,0.99,0.09,1
1712,5,0.99,0.99,0.09,1
1713,5,0.99,0.99,0.06,1
1714,5,0.99,0.99,0.06,1
1715,5,0.99,0.99,0.06,1
1716,5,0.99,0.99,0.07,1
1717,5,0.99,0.99,0.07,1
1718,5,0.99,0.99,0.07,1
1719,5,0.99,0.99,0.04,1
1720,5,0.99,0.99,0.04,1
1721,5,0.99,0.99,0.04,1
1722,5,0.99,0.99,0.08,1
1723,5,0.99,0.99,0.08,1
1724,5,0.99,0.99,0.08,1
1725,5,0.99,0.99,0.08,1
1726,5,0.99,0.99,0.02,1
1727,5,0.99,0.99,0.02,1
1728,5,0.99,0.99,0.02,1
1729,5,0.99,0.99,0.02,1
1730,5,0.99,0.99,0.01,1
1731,5,0.99,0.99,0.01,1
1732,5,0.99,0.99,0.01,1
1733,5,0.99,0.99,0.01,1
1734,5,0.99,0.99,0.01,1
1735,5,0.99,0.99,0.01,1
1736,5,0.99,0.99,0.02,1
1737,5,0.99,0.99,0.02,1
1738,5,0.99,0.99,0.02,1
1739,5,0.99,0.99,0.01,1
1740,5,0.99,0.99,0.01,1
1741,5,0.99,0.99,0.01,2
1742,5,0.99,0.99,0.01,2
1743,5,0.99,0.99,0.01,2
1744,5,0.99,0.99,0.01,2
1745,5,0.99,0.99,0.14,2
1746,5,0.99,0.99,0.14,2
1747,5,0.99,0.99,0.14,2
1748,5,0.99,0.99,0.14,2
1749,5,0.99,0.99,0.34,2
1750,5,0.99,0.99,0.34,2
1751,5,0.99,0.99,0.34,2
1752,5,0.99,0.99,0.34,2
1753,5,0.99,0.88,0.37,2
1754,5,0.99,0.88,0.37,2
1755,5,0.99,0.88,0.37,2
1756,5,0.99,0.99,0.8,2
1757,5,0.99,0.99,0.8,2
1758,5,0.99,0.99,0.8,2
1759,5,0.99,0.84,0.6,2
1760,5,0.99,0.84,0.6,2
1761,5,0.99,0.94,0.63,2
1762,5,0.99,0.94,0.63,2
1763,5,0.99,0.94,0.63,2
1764,5,0.99,0.86,0.95,2
1765,5,0.99,0.86,0.95,2
1766,5,0.99,0.86,0.95,2
1767,5,0.99,0.99,0.96,2
1768,5,0.99,0.99,0.96,2
1769,5,0.99,0.99,0.96,2
1770,5,0.99,0.97,0.95,2
1771,5,0.99,0.97,0.95,2
1772,5,0.99,0.97,0.95,2
1773,5,0.99,0.94,0.96,2
1774,5,0.99,0.94,0.96,2
1775,5,0.99,0.94,0.96,2
1776,5,0.99,0.91,0.96,2
1777,5,0.99,0.91,0.96,2
1778,5,0.99,0.91,0.96,2
1779,5,0.99,0.75,0.95,2
1780,5,0.99,0.75,0.95,2
1781,5,0.99,0.75,0.95,2
1782,5,0.99,0.85,0.96,2
1783,5,0.99,0.85,0.96,2
1784,5,0.99,0.85,0.96,2
1785,5,0.99,0.9,0.96,2
1786,5,0.99,0.9,0.96,2
1787,5,0.99,0.9,0.96,2
1788,5,0.99,0.91,0.96,2
1789,5,0.99,0.91,0.96,2
1790,5,0.99,0.91,0.96,2
1791,5,0.99,0.95,0.95,2
1792,5,0.99,0.95,0.95,2
1793,5,0.99,0.95,0.95,2
1794,5,0.99,0.89,0.96,2
1795,5,0.99,0.89,0.96,2
1796,5,0.99,0.89,0.96,2
1797,5,0.99,0.94,0.95,2
1798,5,0.99,0.94,0.95,2
1799,5,0.99,0.94,0.95,2
1800,5,0.99,0.92,0.96,2
1801,6,0.99,0.99,0.01,1
1802,6,0.99,0.99,0.01,1
1803,6,0.99,0.99,0.01,1
1804,6,0.99,0.99,0.01,1
1805,6,0.99,0.99,0.03,1
1806,6,0.99,0.99,0.03,1
1807,6,0.99,0.99,0.03,1
1808,6,0.99,0.99,0.01,1
1809,6,0.99,0.99,0.01,1
1810,6,0.99,0.99,0.01,1
1811,6,0.99,0.96,0.05,1
1812,6,0.99,0.96,0.05,1
1813,6,0.99,0.96,0.05,1
1814,6,0.99,0.96,0.05,1
1815,6,0.99,0.96,0.05,1
1816,6,0.42,0.71,0.01,1
1817,6,0.42,0.71,0.01,1
1818,6,0.42,0.71,0.01,1
1819,6,0.42,0.71,0.01,1
1820,6,0.42,0.71,0.01,1
1821,6,0.22,0.27,0.01,1
1822,6,0.22,0.27,0.01,1
1823,6,0.22,0.27,0.01,1
1824,6,0.22,0.27,0.01,1
1825,6,0.22,0.27,0.01,1
1826,6,0.22,0.27,0.01,1
1827,6,0.26,0.63,0.01,1
1828,6,0.26,0.63,0.01,1
1829,6,0.26,0.63,0.01,1
1830,6,0.26,0.63,0.01,1
1831,6,0.47,0.78,0.01,1
1832,6,0.47,0.78,0.01,1
1833,6,0.47,0.78,0.01,1
1834,6,0.54,0.73,0.02,1
1835,6,0.54,0.73,0.02,1
1836,6,0.54,0.73,0.02,1
1837,6,0.44,0.72,0.04,1
1838,6,0.44,0.72,0.04,1
1839,6,0.44,0.72,0.04,1
1840,6,0.48,0.65,0.02,1
1841,6,0.48,0.65,0.02,1
1842,6,0.48,0.65,0.02,1
1843,6,0.54,0.8,0.01,1
1844,6,0.54,0.8,0.01,1
1845,6,0.54,0.8,0.01,1
1846,6,0.75,0.82,0.01,1
1847,6,0.75,0.82,0.01,1
1848,6,0.75,0.82,0.01,1
1849,6,0.85,0.77,0.01,1
1850,6,0.85,0.77,0.01,1
1851,6,0.85,0.77,0.01,1
1852,6,0.49,0.7,0.01,1
1853,6,0.49,0.7,0.01,1
1854,6,0.49,0.7,0.01,1
1855,6,0.54,0.82,0.01,1
1856,6,0.54,0.82,0.01,1
1857,6,0.54,0.82,0.01,1
1858,6,0.52,0.67,0.01,1
1859,6,0.52,0.67,0.01,1
1860,6,0.52,0.67,0.01,1
1861,6,0.99,0.99,0.01,2
1862,6,0.99,0.99,0.01,2
1863,6,0.99,0.99,0.01,2
1864,6,0.99,0.99,0.01,2
1865,6,0.99,0.99,0.01,2
1866,6,0.99,0.99,0.01,2
1867,6,0.99,0.99,0.01,2
1868,6,0.99,0.99,0.01,2
1869,6,0.99,0.99,0.01,2
1870,6,0.99,0.99,0.01,2
1871,6,0.99,0.99,0.01,2
1872,6,0.91,0.45,0.01,2
1873,6,0.91,0.45,0.01,2
1874,6,0.91,0.45,0.01,2
1875,6,0.91,0.45,0.01,2
1876,6,0.91,0.45,0.01,2
1877,6,0.91,0.45,0.01,2
1878,6,0.34,0.27,0.01,2
1879,6,0.34,0.27,0.01,2
1880,6,0.34,0.27,0.01,2
1881,6,0.34,0.27,0.01,2
1882,6,0.34,0.27,0.01,2
1883,6,0.34,0.27,0.01,2
1884,6,0.34,0.02,0.69,2
1885,6,0.34,0.02,0.69,2
1886,6,0.34,0.02,0.69,2
1887,6,0.44,0.12,0.7,2
1888,6,0.44,0.12,0.7,2
1889,6,0.44,0.12,0.7,2
1890,6,0.41,0.25,0.61,2
1891,6,0.41,0.25,0.61,2
1892,6,0.41,0.25,0.61,2
1893,6,0.41,0.25,0.61,2
1894,6,0.39,0.19,0.74,2
1895,6,0.39,0.19,0.74,2
1896,6,0.39,0.19,0.74,2
1897,6,0.39,0.19,0.74,2
1898,6,0.39,0.19,0.74,2
1899,6,0.39,0.19,0.74,2
1900,6,0.39,0.19,0.74,2
1901,6,0.35,0.19,0.77,2
1902,6,0.35,0.19,0.77,2
1903,6,0.35,0.19,0.77,2
1904,6,0.35,0.19,0.77,2
1905,6,0.14,0.13,0.54,2
1906,6,0.14,0.13,0.54,2
1907,6,0.14,0.13,0.54,2
1908,6,0.14,0.13,0.54,2
1909,6,0.14,0.13,0.54,2
1910,6,0.13,0.06,0.17,2
1911,6,0.13,0.06,0.17,2
1912,6,0.13,0.06,0.17,2
1913,6,0.2,0.03,0.26,2
1914,6,0.2,0.03,0.26,2
1915,6,0.2,0.03,0.26,2
1916,6,0.17,0.16,0.2,2
1917,6,0.17,0.16,0.2,2
1918,6,0.17,0.16,0.2,2
1919,6,0.22,0.26,0.22,2
1920,6,0.22,0.26,0.22,2
1921,6,0.99,0.22,0.0,0
1922,6,0.99,0.22,0.0,0
1923,6,0.99,0.22,0.0,0
1924,6,0.99,0.22,0.0,0
1925,6,0.99,0.22,0.0,0
1926,6,0.99,0.99,0.05,0
1927,6,0.99,0.99,0.05,0
1928,6,0.99,0.99,0.05,0
1929,6,0.99,0.93,0.02,0
1930,6,0.99,0.93,0.02,0
1931,6,0.99,0.93,0.02,0
1932,6,1.0,0.99,0.02,0
1933,6,1.0,0.99,0.02,0
1934,6,1.0,0.99,0.02,0
1935,6,0.99,0.93,0.01,0
1936,6,0.99,0.93,0.01,0
1937,6,0.99,0.93,0.01,0
1938,6,0.02,0.02,0.05,0
1939,6,0.02,0.02,0.05,0
1940,6,0.02,0.02,0.05,0
1941,6,0.02,0.02,0.05,0
1942,6,0.02,0.02,0.05,0
1943,6,0.02,0.02,0.05,0
1944,6,0.02,0.02,0.05,0
1945,6,0.02,0.02,0.03,0
1946,6,0.02,0.02,0.03,0
1947,6,0.02,0.02,0.03,0
1948,6,0.03,0.02,0.02,0
1949,6,0.03,0.02,0.02,0
1950,6,0.03,0.02,0.02,0
1951,6,0.02,0.02,0.06,0
1952,6,0.02,0.02,0.06,0
1953,6,0.02,0.02,0.06,0
1954,6,0.02,0.03,0.06,0
1955,6,0.02,0.03,0.06,0
1956,6,0.02,0.03,0.06,0
1957,6,0.02,0.02,0.05,0
1958,6,0.02,0.02,0.05,0
1959,6,0.02,0.02,0.05,0
1960,6,0.02,0.02,0.03,0
1961,6,0.02,0.02,0.03,0
1962,6,0.02,0.02,0.03,0
1963,6,0.02,0.02,0.01,0
1964,6,0.02,0.02,0.01,0
1965,6,0.02,0.02,0.01,0
1966,6,0.44,0.99,0.06,0
1967,6,0.44,0.99,0.06,0
1968,6,0.44,0.99,0.06,0
1969,6,0.7,0.99,0.06,0
1970,6,0.7,0.99,0.06,0
1971,6,0.7,0.99,0.06,0
1972,6,0.58,0.99,0.01,0
1973,6,0.58,0.99,0.01,0
1974,6,0.58,0.99,0.01,0
1975,6,0.92,0.99,0.04,0
1976,6,0.92,0.99,0.04,0
1977,6,0.92,0.99,0.04,0
1978,6,0.23,0.86,0.04,0
1979,6,0.23,0.86,0.04,0
1980,6,0.23,0.86,0.04,0
1981,6,0.34,0.63,0.0,2
1982,6,0.34,0.63,0.0,2
1983,6,0.6,0.42,0.0,2
1984,6,0.6,0.42,0.0,2
1985,6,0.6,0.42,0.0,2
1986,6,0.6,0.42,0.0,2
1987,6,0.92,0.99,0.0,2
1988,6,0.92,0.99,0.0,2
1989,6,0.92,0.99,0.0,2
1990,6,0.92,0.99,0.0,2
1991,6,0.99,0.99,0.0,2
1992,6,0.99,0.99,0.0,2
1993,6,0.99,0.99,0.0,2
1994,6,0.99,0.99,0.0,2
1995,6,0.44,0.47,0.0,2
1996,6,0.44,0.47,0.0,2
1997,6,0.44,0.47,0.0,2
1998,6,0.38,0.35,0.0,2
1999,6,0.38,0.35,0.0,2
2000,6,0.38,0.35,0.0,2
2001,6,0.38,0.35,0.0,2
2002,6,0.43,0.26,0.0,2
2003,6,0.43,0.26,0.0,2
2004,6,0.43,0.26,0.0,2
2005,6,0.43,0.26,0.0,2
2006,6,0.23,0.02,0.13,2
2007,6,0.23,0.02,0.13,2
2008,6,0.23,0.02,0.13,2
2009,6,0.33,0.02,0.12,2
2010,6,0.33,0.02,0.12,2
2011,6,0.33,0.02,0.12,2
2012,6,0.23,0.06,0.2,2
2013,6,0.23,0.06,0.2,2
2014,6,0.23,0.06,0.2,2
2015,6,0.5,0.02,0.13,2
2016,6,0.5,0.02,0.13,2
2017,6,0.35,0.25,0.23,2
2018,6,0.35,0.25,0.23,2
2019,6,0.35,0.25,0.23,2
2020,6,0.35,0.25,0.23,2
2021,6,0.55,0.03,0.41,2
2022,6,0.55,0.03,0.41,2
2023,6,0.55,0.03,0.41,2
2024,6,0.55,0.03,0.41,2
2025,6,0.82,0.23,0.25,2
2026,6,0.82,0.23,0.25,2
2027,6,0.82,0.23,0.25,2
2028,6,0.49,0.33,0.42,2
2029,6,0.49,0.33,0.42,2
2030,6,0.49,0.33,0.42,2
2031,6,0.46,0.16,0.53,2
2032,6,0.46,0.16,0.53,2
2033,6,0.46,0.16,0.53,2
2034,6,0.48,0.37,0.54,2
2035,6,0.48,0.37,0.54,2
2036,6,0.48,0.37,0.54,2
2037,6,0.46,0.34,0.46,2
2038,6,0.46,0.34,0.46,2
2039,6,0.46,0.34,0.46,2
2040,6,0.43,0.28,0.43,2
2041,6,0.41,0.99,0.0,0
2042,6,0.41,0.99,0.0,0
2043,6,0.9,0.99,0.0,0
2044,6,0.9,0.99,0.0,0
2045,6,0.9,0.99,0.0,0
2046,6,0.9,0.99,0.0,0
2047,6,0.9,0.99,0.0,0
2048,6,0.39,0.87,0.01,0
2049,6,0.39,0.87,0.01,0
2050,6,0.39,0.87,0.01,0
2051,6,0.39,0.87,0.01,0
2052,6,0.39,0.87,0.01,0
2053,6,0.39,0.87,0.01,0
2054,6,0.44,0.94,0.01,0
2055,6,0.44,0.94,0.01,0
2056,6,0.44,0.94,0.01,0
2057,6,0.03,0.03,0.01,0
2058,6,0.03,0.03,0.01,0
2059,6,0.03,0.03,0.01,0
2060,6,0.03,0.17,0.01,0
2061,6,0.03,0.17,0.01,0
2062,6,0.03,0.17,0.01,0
2063,6,0.03,0.14,0.01,0
2064,6,0.03,0.14,0.01,0
2065,6,0.03,0.14,0.01,0
2066,6,0.03,0.38,0.01,0
2067,6,0.03,0.38,0.01,0
2068,6,0.03,0.38,0.01,0
2069,6,0.3,0.96,0.03,0
2070,6,0.3,0.96,0.03,0
2071,6,0.3,0.96,0.03,0
2072,6,0.49,0.95,0.08,0
2073,6,0.49,0.95,0.08,0
2074,6,0.49,0.95,0.08,0
2075,6,0.37,0.85,0.01,0
2076,6,0.37,0.85,0.01,0
2077,6,0.37,0.85,0.01,0
2078,6,0.03,0.41,0.01,0
2079,6,0.03,0.41,0.01,0
2080,6,0.03,0.41,0.01,0
2081,6,0.33,0.88,0.08,0
2082,6,0.33,0.88,0.08,0
2083,6,0.33,0.88,0.08,0
2084,6,0.2,0.87,0.07,0
2085,6,0.2,0.87,0.07,0
2086,6,0.2,0.87,0.07,0
2087,6,0.03,0.35,0.01,0
2088,6,0.03,0.35,0.01,0
2089,6,0.03,0.35,0.01,0
2090,6,0.39,0.63,0.01,0
2091,6,0.39,0.63,0.01,0
2092,6,0.39,0.63,0.01,0
2093,6,0.02,0.03,0.01,0
2094,6,0.02,0.03,0.01,0
2095,6,0.02,0.03,0.01,0
2096,6,0.02,0.02,0.0,0
2097,6,0.02,0.02,0.0,0
2098,6,0.02,0.02,0.0,0
2099,6,0.02,0.03,0.01,0
2100,6,0.02,0.03,0.01,0
2101,6,0.99,0.99,0.0,1
2102,6,0.99,0.99,0.0,1
2103,6,0.98,0.99,0.0,1
2104,6,0.98,0.99,0.0,1
2105,6,0.98,0.99,0.0,1
2106,6,0.99,0.99,0.0,1
2107,6,0.99,0.99,0.0,1
2108,6,0.99,0.99,0.0,1
2109,6,0.99,0.99,0.16,1
2110,6,0.99,0.99,0.16,1
2111,6,0.99,0.99,0.16,1
2112,6,0.99,0.99,0.16,1
2113,6,0.99,0.99,0.15,1
2114,6,0.99,0.99,0.15,1
2115,6,0.99,0.99,0.15,1
2116,6,0.93,0.99,0.05,1
2117,6,0.93,0.99,0.05,1
2118,6,0.93,0.99,0.05,1
2119,6,0.88,0.99,0.07,1
2120,6,0.88,0.99,0.07,1
2121,6,0.88,0.99,0.07,1
2122,6,0.84,0.9,0.02,1
2123,6,0.84,0.9,0.02,1
2124,6,0.84,0.9,0.02,1
2125,6,0.84,0.9,0.02,1
2126,6,0.84,0.9,0.02,1
2127,6,0.84,0.9,0.02,1
2128,6,0.29,0.38,0.03,1
2129,6,0.29,0.38,0.03,1
2130,6,0.29,0.38,0.03,1
2131,6,0.29,0.38,0.03,1
2132,6,0.31,0.4,0.01,1
2133,6,0.31,0.4,0.01,1
2134,6,0.31,0.4,0.01,1
2135,6,0.33,0.4,0.07,1
2136,6,0.33,0.4,0.07,1
2137,6,0.33,0.4,0.07,1
2138,6,0.02,0.2,0.05,1
2139,6,0.02,0.2,0.05,1
2140,6,0.02,0.2,0.05,1
2141,6,0.36,0.8,0.01,1
2142,6,0.36,0.8,0.01,1
2143,6,0.36,0.8,0.01,1
2144,6,0.3,0.97,0.01,1
2145,6,0.3,0.97,0.01,1
2146,6,0.3,0.97,0.01,1
2147,6,0.64,0.94,0.04,1
2148,6,0.64,0.94,0.04,1
2149,6,0.64,0.94,0.04,1
2150,6,0.64,0.94,0.04,1
2151,6,0.99,0.99,0.01,1
2152,6,0.99,0.99,0.01,1
2153,6,0.99,0.99,0.01,1
2154,6,0.99,0.99,0.01,1
2155,6,0.22,0.7,0.01,1
2156,6,0.22,0.7,0.01,1
2157,6,0.22,0.7,0.01,1
2158,6,0.39,0.6,0.04,1
2159,6,0.39,0.6,0.04,1
2160,6,0.39,0.6,0.04,1
2161,7,0.61,0.92,0.01,1
2162,7,0.61,0.92,0.01,1
2163,7,0.41,0.98,0.01,1
2164,7,0.41,0.98,0.01,1
2165,7,0.41,0.98,0.01,1
2166,7,0.46,0.92,0.01,1
2167,7,0.46,0.92,0.01,1
2168,7,0.46,0.92,0.01,1
2169,7,0.49,0.77,0.02,1
2170,7,0.49,0.77,0.02,1
2171,7,0.49,0.77,0.02,1
2172,7,0.54,0.53,0.01,1
2173,7,0.54,0.53,0.01,1
2174,7,0.54,0.53,0.01,1
2175,7,0.57,0.86,0.02,1
2176,7,0.57,0.86,0.02,1
2177,7,0.57,0.86,0.02,1
2178,7,0.55,0.76,0.01,1
2179,7,0.55,0.76,0.01,1
2180,7,0.55,0.76,0.01,1
2181,7,0.54,0.71,0.02,1
2182,7,0.54,0.71,0.02,1
2183,7,0.54,0.71,0.02,1
2184,7,0.26,0.86,0.01,1
2185,7,0.26,0.86,0.01,1
2186,7,0.26,0.86,0.01,1
2187,7,0.26,0.86,0.01,1
2188,7,0.52,0.67,0.01,1
2189,7,0.52,0.67,0.01,1
2190,7,0.52,0.67,0.01,1
2191,7,0.39,0.66,0.01,1
2192,7,0.39,0.66,0.01,1
2193,7,0.39,0.66,0.01,1
2194,7,0.39,0.66,0.01,1
2195,7,0.43,0.76,0.01,1
2196,7,0.43,0.76,0.01,1
2197,7,0.43,0.76,0.01,1
2198,7,0.26,0.63,0.01,1
2199,7,0.26,0.63,0.01,1
2200,7,0.26,0.63,0.01,1
2201,7,0.24,0.61,0.01,1
2202,7,0.24,0.61,0.01,1
2203,7,0.24,0.61,0.01,1
2204,7,0.55,0.82,0.01,1
2205,7,0.55,0.82,0.01,1
2206,7,0.55,0.82,0.01,1
2207,7,0.53,0.8,0.01,1
2208,7,0.53,0.8,0.01,1
2209,7,0.53,0.8,0.01,1
2210,7,0.55,0.91,0.01,1
2211,7,0.55,0.91,0.01,1
2212,7,0.55,0.91,0.01,1
2213,7,0.2,0.9,0.01,1
2214,7,0.2,0.9,0.01,1
2215,7,0.2,0.9,0.01,1
2216,7,0.2,0.77,0.01,1
2217,7,0.2,0.77,0.01,1
2218,7,0.2,0.77,0.01,1
2219,7,0.27,0.82,0.01,1
2220,7,0.27,0.82,0.01,1
2221,7,0.98,0.99,0.03,2
2222,7,0.99,0.99,0.01,2
2223,7,0.99,0.99,0.01,2
2224,7,0.99,0.99,0.01,2
2225,7,0.26,0.58,0.01,2
2226,7,0.26,0.58,0.01,2
2227,7,0.26,0.58,0.01,2
2228,7,0.38,0.75,0.31,2
2229,7,0.38,0.75,0.31,2
2230,7,0.38,0.75,0.31,2
2231,7,0.28,0.65,0.63,2
2232,7,0.28,0.65,0.63,2
2233,7,0.28,0.65,0.63,2
2234,7,0.46,0.69,0.5,2
2235,7,0.46,0.69,0.5,2
2236,7,0.46,0.69,0.5,2
2237,7,0.39,0.36,0.72,2
2238,7,0.39,0.36,0.72,2
2239,7,0.39,0.36,0.72,2
2240,7,0.38,0.39,0.59,2
2241,7,0.38,0.39,0.59,2
2242,7,0.38,0.39,0.59,2
2243,7,0.49,0.5,0.74,2
2244,7,0.49,0.5,0.74,2
2245,7,0.49,0.5,0.74,2
2246,7,0.25,0.61,0.64,2
2247,7,0.25,0.61,0.64,2
2248,7,0.25,0.61,0.64,2
2249,7,0.26,0.67,0.63,2
2250,7,0.26,0.67,0.63,2
2251,7,0.26,0.67,0.63,2
2252,7,0.29,0.63,0.57,2
2253,7,0.29,0.63,0.57,2
2254,7,0.29,0.63,0.57,2
2255,7,0.45,0.7,0.47,2
2256,7,0.45,0.7,0.47,2
2257,7,0.45,0.7,0.47,2
2258,7,0.05,0.74,0.81,2
2259,7,0.05,0.74,0.81,2
2260,7,0.05,0.74,0.81,2
2261,7,0.13,0.51,0.89,2
2262,7,0.13,0.51,0.89,2
2263,7,0.13,0.51,0.89,2
2264,7,0.21,0.46,0.59,2
2265,7,0.21,0.46,0.59,2
2266,7,0.21,0.46,0.59,2
2267,7,0.11,0.44,0.95,2
2268,7,0.11,0.44,0.95,2
2269,7,0.11,0.44,0.95,2
2270,7,0.32,0.49,0.67,2
2271,7,0.32,0.49,0.67,2
2272,7,0.32,0.49,0.67,2
2273,7,0.26,0.48,0.35,2
2274,7,0.26,0.48,0.35,2
2275,7,0.26,0.48,0.35,2
2276,7,0.37,0.44,0.35,2
2277,7,0.37,0.44,0.35,2
2278,7,0.37,0.44,0.35,2
2279,7,0.37,0.44,0.35,2
2280,7,0.41,0.45,0.32,2
2281,7,1.0,0.83,0.0,2
2282,7,1.0,0.83,0.0,2
2283,7,1.0,0.83,0.0,2
2284,7,1.0,0.91,0.01,2
2285,7,1.0,0.91,0.01,2
2286,7,1.0,0.91,0.01,2
2287,7,0.22,0.66,0.01,2
2288,7,0.22,0.66,0.01,2
2289,7,0.22,0.66,0.01,2
2290,7,0.22,0.66,0.01,2
2291,7,0.28,0.58,0.12,2
2292,7,0.28,0.58,0.12,2
2293,7,0.28,0.58,0.12,2
2294,7,0.41,0.59,0.77,2
2295,7,0.41,0.59,0.77,2
2296,7,0.41,0.59,0.77,2
2297,7,0.4,0.54,0.63,2
2298,7,0.4,0.54,0.63,2
2299,7,0.4,0.54,0.63,2
2300,7,0.47,0.45,0.52,2
2301,7,0.47,0.45,0.52,2
2302,7,0.47,0.45,0.52,2
2303,7,0.42,0.5,0.61,2
2304,7,0.42,0.5,0.61,2
2305,7,0.42,0.5,0.61,2
2306,7,0.64,0.5,0.42,2
2307,7,0.64,0.5,0.42,2
2308,7,0.64,0.5,0.42,2
2309,7,0.75,0.6,0.45,2
2310,7,0.75,0.6,0.45,2
2311,7,0.75,0.6,0.45,2
2312,7,0.75,0.6,0.45,2
2313,7,0.71,0.65,0.4,2
2314,7,0.71,0.65,0.4,2
2315,7,0.71,0.65,0.4,2
2316,7,0.63,0.63,0.29,2
2317,7,0.63,0.63,0.29,2
2318,7,0.63,0.63,0.29,2
2319,7,0.64,0.53,0.24,2
2320,7,0.64,0.53,0.24,2
2321,7,0.64,0.53,0.24,2
2322,7,0.28,0.71,0.2,2
2323,7,0.28,0.71,0.2,2
2324,7,0.28,0.71,0.2,2
2325,7,0.48,0.55,0.25,2
2326,7,0.48,0.55,0.25,2
2327,7,0.48,0.55,0.25,2
2328,7,0.07,0.07,0.18,2
2329,7,0.07,0.07,0.18,2
2330,7,0.07,0.07,0.18,2
2331,7,0.26,0.56,0.21,2
2332,7,0.26,0.56,0.21,2
2333,7,0.26,0.56,0.21,2
2334,7,0.27,0.48,0.14,2
2335,7,0.27,0.48,0.14,2
2336,7,0.27,0.48,0.14,2
2337,7,0.16,0.62,0.16,2
2338,7,0.16,0.62,0.16,2
2339,7,0.16,0.62,0.16,2
2340,7,0.52,0.51,0.2,2
2341,7,0.52,0.51,0.2,2
2342,7,0.46,0.78,0.0,1
2343,7,0.46,0.78,0.0,1
2344,7,0.78,0.8,0.05,1
2345,7,0.78,0.8,0.05,1
2346,7,0.78,0.8,0.05,1
2347,7,0.19,0.81,0.0,1
2348,7,0.19,0.81,0.0,1
2349,7,0.19,0.81,0.0,1
2350,7,0.4,0.71,0.01,1
2351,7,0.4,0.71,0.01,1
2352,7,0.4,0.71,0.01,1
2353,7,0.27,0.47,0.0,1
2354,7,0.27,0.47,0.0,1
2355,7,0.27,0.47,0.0,1
2356,7,0.41,0.66,0.0,1
2357,7,0.41,0.66,0.0,1
2358,7,0.41,0.66,0.0,1
2359,7,0.34,0.58,0.01,1
2360,7,0.34,0.58,0.01,1
2361,7,0.34,0.58,0.01,1
2362,7,0.34,0.51,0.01,1
2363,7,0.34,0.51,0.01,1
2364,7,0.34,0.51,0.01,1
2365,7,0.52,0.59,0.01,1
2366,7,0.52,0.59,0.01,1
2367,7,0.52,0.59,0.01,1
2368,7,0.49,0.62,0.01,1
2369,7,0.49,0.62,0.01,1
2370,7,0.49,0.62,0.01,1
2371,7,0.46,0.64,0.01,1
2372,7,0.46,0.64,0.01,1
2373,7,0.46,0.64,0.01,1
2374,7,0.62,0.7,0.01,1
2375,7,0.62,0.7,0.01,1
2376,7,0.62,0.7,0.01,1
2377,7,0.52,0.76,0.06,1
2378,7,0.52,0.76,0.06,1
2379,7,0.52,0.76,0.06,1
2380,7,0.69,0.95,0.01,1
2381,7,0.69,0.95,0.01,1
2382,7,0.69,0.95,0.01,1
2383,7,0.59,0.9,0.01,1
2384,7,0.59,0.9,0.01,1
2385,7,0.59,0.9,0.01,1
2386,7,0.57,0.6,0.01,1
2387,7,0.57,0.6,0.01,1
2388,7,0.57,0.6,0.01,1
2389,7,0.62,0.79,0.2,1
2390,7,0.62,0.79,0.2,1
2391,7,0.62,0.79,0.2,1
2392,7,0.5,0.74,0.16,1
2393,7,0.5,0.74,0.16,1
2394,7,0.5,0.74,0.16,1
2395,7,0.51,0.77,0.1,1
2396,7,0.51,0.77,0.1,1
2397,7,0.51,0.77,0.1,1
2398,7,0.6,0.88,0.01,1
2399,7,0.6,0.88,0.01,1
2400,7,0.6,0.88,0.01,1
2401,7,0.55,0.94,0.01,1
2402,7,0.99,0.93,0.01,0
2403,7,0.99,0.93,0.01,0
2404,7,0.99,0.93,0.01,0
2405,7,0.51,0.65,0.01,0
2406,7,0.51,0.65,0.01,0
2407,7,0.51,0.65,0.01,0
2408,7,0.47,0.99,0.01,0
2409,7,0.47,0.99,0.01,0
2410,7,0.47,0.99,0.01,0
2411,7,0.57,0.87,0.01,0
2412,7,0.57,0.87,0.01,0
2413,7,0.57,0.87,0.01,0
2414,7,0.26,0.84,0.01,0
2415,7,0.26,0.84,0.01,0
2416,7,0.26,0.84,0.01,0
2417,7,0.08,0.61,0.01,0
2418,7,0.08,0.61,0.01,0
2419,7,0.08,0.61,0.01,0
2420,7,0.57,0.8,0.0,0
2421,7,0.57,0.8,0.0,0
2422,7,0.57,0.8,0.0,0
2423,7,0.49,0.72,0.01,0
2424,7,0.49,0.72,0.01,0
2425,7,0.49,0.72,0.01,0
2426,7,0.23,0.88,0.0,0
2427,7,0.23,0.88,0.0,0
2428,7,0.23,0.88,0.0,0
2429,7,0.59,0.86,0.0,0
2430,7,0.59,0.86,0.0,0
2431,7,0.59,0.86,0.0,0
2432,7,0.5,0.94,0.0,0
2433,7,0.5,0.94,0.0,0
2434,7,0.5,0.94,0.0,0
2435,7,0.5,0.89,0.0,0
2436,7,0.5,0.89,0.0,0
2437,7,0.5,0.89,0.0,0
2438,7,0.13,0.96,0.0,0
2439,7,0.13,0.96,0.0,0
2440,7,0.13,0.96,0.0,0
2441,7,0.52,0.99,0.01,0
2442,7,0.52,0.99,0.01,0
2443,7,0.52,0.99,0.01,0
2444,7,0.5,0.87,0.0,0
2445,7,0.5,0.87,0.0,0
2446,7,0.5,0.87,0.0,0
2447,7,0.03,0.9,0.01,0
2448,7,0.03,0.9,0.01,0
2449,7,0.03,0.9,0.01,0
2450,7,0.53,0.7,0.0,0
2451,7,0.53,0.7,0.0,0
2452,7,0.53,0.7,0.0,0
2453,7,0.57,0.87,0.01,0
2454,7,0.57,0.87,0.01,0
2455,7,0.57,0.87,0.01,0
2456,7,0.5,0.82,0.01,0
2457,7,0.5,0.82,0.01,0
2458,7,0.5,0.82,0.01,0
2459,7,0.52,0.97,0.0,0
2460,7,0.52,0.97,0.0,0
2461,7,0.52,0.97,0.0,0
2462,8,0.41,0.66,0.18,0
2463,8,0.53,0.7,0.01,0
2464,8,0.53,0.7,0.01,0
2465,8,0.53,0.7,0.01,0
2466,8,0.53,0.79,0.01,0
2467,8,0.53,0.79,0.01,0
2468,8,0.53,0.79,0.01,0
2469,8,0.46,0.65,0.08,0
2470,8,0.46,0.65,0.08,0
2471,8,0.46,0.65,0.08,0
2472,8,0.54,0.67,0.01,0
2473,8,0.54,0.67,0.01,0
2474,8,0.54,0.67,0.01,0
2475,8,0.54,0.67,0.01,0
2476,8,0.03,0.1,0.01,0
2477,8,0.03,0.1,0.01,0
2478,8,0.03,0.1,0.01,0
2479,8,0.22,0.49,0.01,0
2480,8,0.22,0.49,0.01,0
2481,8,0.22,0.49,0.01,0
2482,8,0.16,0.43,0.01,0
2483,8,0.16,0.43,0.01,0
2484,8,0.16,0.43,0.01,0
2485,8,0.3,0.42,0.01,0
2486,8,0.3,0.42,0.01,0
2487,8,0.3,0.42,0.01,0
2488,8,0.33,0.48,0.02,0
2489,8,0.33,0.48,0.02,0
2490,8,0.33,0.48,0.02,0
2491,8,0.29,0.34,0.02,0
2492,8,0.29,0.34,0.02,0
2493,8,0.29,0.34,0.02,0
2494,8,0.03,0.4,0.02,0
2495,8,0.03,0.4,0.02,0
2496,8,0.03,0.4,0.02,0
2497,8,0.33,0.43,0.02,0
2498,8,0.33,0.43,0.02,0
2499,8,0.33,0.43,0.02,0
2500,8,0.34,0.41,0.04,0
2501,8,0.34,0.41,0.04,0
2502,8,0.34,0.41,0.04,0
2503,8,0.33,0.46,0.01,0
2504,8,0.33,0.46,0.01,0
2505,8,0.33,0.46,0.01,0
2506,8,0.28,0.38,0.01,0
2507,8,0.28,0.38,0.01,0
2508,8,0.28,0.38,0.01,0
2509,8,0.38,0.44,0.03,0
2510,8,0.38,0.44,0.03,0
2511,8,0.38,0.44,0.03,0
2512,8,0.43,0.46,0.04,0
2513,8,0.43,0.46,0.04,0
2514,8,0.43,0.46,0.04,0
2515,8,0.44,0.43,0.01,0
2516,8,0.44,0.43,0.01,0
2517,8,0.44,0.43,0.01,0
2518,8,0.42,0.44,0.02,0
2519,8,0.42,0.44,0.02,0
2520,8,0.42,0.44,0.02,0
2521,8,0.34,0.45,0.05,0
2522,8,0.34,0.45,0.05,0
2523,8,0.89,0.87,0.01,1
2524,8,0.96,0.82,0.01,1
2525,8,0.96,0.82,0.01,1
2526,8,0.96,0.82,0.01,1
2527,8,0.73,0.77,0.01,1
2528,8,0.73,0.77,0.01,1
2529,8,0.73,0.77,0.01,1
2530,8,0.74,0.99,0.01,1
2531,8,0.74,0.99,0.01,1
2532,8,0.74,0.99,0.01,1
2533,8,0.24,0.17,0.01,1
2534,8,0.24,0.17,0.01,1
2535,8,0.24,0.17,0.01,1
2536,8,0.24,0.17,0.01,1
2537,8,0.23,0.22,0.16,1
2538,8,0.23,0.22,0.16,1
2539,8,0.23,0.22,0.16,1
2540,8,0.33,0.56,0.16,1
2541,8,0.33,0.56,0.16,1
2542,8,0.33,0.56,0.16,1
2543,8,0.26,0.6,0.12,1
2544,8,0.26,0.6,0.12,1
2545,8,0.26,0.6,0.12,1
2546,8,0.26,0.58,0.12,1
2547,8,0.26,0.58,0.12,1
2548,8,0.26,0.58,0.12,1
2549,8,0.28,0.49,0.1,1
2550,8,0.28,0.49,0.1,1
2551,8,0.28,0.49,0.1,1
2552,8,0.34,0.52,0.08,1
2553,8,0.34,0.52,0.08,1
2554,8,0.34,0.52,0.08,1
2555,8,0.21,0.42,0.03,1
2556,8,0.21,0.42,0.03,1
2557,8,0.21,0.42,0.03,1
2558,8,0.23,0.5,0.05,1
2559,8,0.23,0.5,0.05,1
2560,8,0.23,0.5,0.05,1
2561,8,0.37,0.51,0.05,1
2562,8,0.37,0.51,0.05,1
2563,8,0.37,0.51,0.05,1
2564,8,0.46,0.48,0.12,1
2565,8,0.46,0.48,0.12,1
2566,8,0.37,0.51,0.12,1
2567,8,0.37,0.51,0.12,1
2568,8,0.37,0.51,0.12,1
2569,8,0.39,0.52,0.07,1
2570,8,0.39,0.52,0.07,1
2571,8,0.39,0.52,0.07,1
2572,8,0.41,0.56,0.03,1
2573,8,0.41,0.56,0.03,1
2574,8,0.41,0.56,0.03,1
2575,8,0.42,0.43,0.07,1
2576,8,0.42,0.43,0.07,1
2577,8,0.42,0.43,0.07,1
2578,8,0.28,0.54,0.05,1
2579,8,0.28,0.54,0.05,1
2580,8,0.28,0.54,0.05,1
2581,8,0.69,0.47,0.03,1
2582,8,0.69,0.47,0.03,1
2583,8,0.37,0.11,0.97,2
2584,8,0.37,0.11,0.97,2
2585,8,0.39,0.18,0.97,2
2586,8,0.39,0.18,0.97,2
2587,8,0.39,0.18,0.97,2
2588,8,0.39,0.18,0.97,2
2589,8,0.4,0.15,0.97,2
2590,8,0.4,0.15,0.97,2
2591,8,0.4,0.15,0.97,2
2592,8,0.4,0.15,0.97,2
2593,8,0.48,0.08,0.96,2
2594,8,0.48,0.08,0.96,2
2595,8,0.48,0.08,0.96,2
2596,8,0.48,0.08,0.96,2
2597,8,0.35,0.26,0.97,2
2598,8,0.35,0.26,0.97,2
2599,8,0.35,0.26,0.97,2
2600,8,0.19,0.11,0.97,2
2601,8,0.19,0.11,0.97,2
2602,8,0.19,0.11,0.97,2
2603,8,0.41,0.09,0.97,2
2604,8,0.41,0.09,0.97,2
2605,8,0.41,0.09,0.97,2
2606,8,0.41,0.09,0.97,2
2607,8,0.41,0.09,0.97,2
2608,8,0.49,0.23,0.97,2
2609,8,0.49,0.23,0.97,2
2610,8,0.49,0.23,0.97,2
2611,8,0.49,0.23,0.97,2
2612,8,0.26,0.19,0.97,2
2613,8,0.26,0.19,0.97,2
2614,8,0.26,0.19,0.97,2
2615,8,0.26,0.19,0.97,2
2616,8,0.26,0.19,0.97,2
2617,8,0.36,0.08,0.98,2
2618,8,0.36,0.08,0.98,2
2619,8,0.36,0.08,0.98,2
2620,8,0.36,0.08,0.98,2
2621,8,0.37,0.03,0.97,2
2622,8,0.37,0.03,0.97,2
2623,8,0.37,0.03,0.97,2
2624,8,0.37,0.03,0.97,2
2625,8,0.37,0.03,0.97,2
2626,8,0.44,0.16,0.98,2
2627,8,0.44,0.16,0.98,2
2628,8,0.44,0.16,0.98,2
2629,8,0.44,0.16,0.98,2
2630,8,0.37,0.12,0.98,2
2631,8,0.37,0.12,0.98,2
2632,8,0.37,0.12,0.98,2
2633,8,0.37,0.12,0.98,2
2634,8,0.37,0.12,0.98,2
2635,8,0.39,0.13,0.97,2
2636,8,0.39,0.13,0.97,2
2637,8,0.39,0.13,0.97,2
2638,8,0.31,0.15,0.97,2
2639,8,0.31,0.15,0.97,2
2640,8,0.31,0.15,0.97,2
2641,8,0.37,0.17,0.96,2
2642,8,0.37,0.17,0.96,2
2643,8,0.62,0.95,0.01,0
2644,8,0.62,0.95,0.01,0
2645,8,0.62,0.95,0.01,0
2646,8,0.68,0.9,0.03,0
2647,8,0.68,0.9,0.03,0
2648,8,0.68,0.9,0.03,0
2649,8,0.21,0.23,0.01,0
2650,8,0.21,0.23,0.01,0
2651,8,0.21,0.23,0.01,0
2652,8,0.39,0.03,0.01,0
2653,8,0.39,0.03,0.01,0
2654,8,0.39,0.03,0.01,0
2655,8,0.26,0.26,0.01,0
2656,8,0.26,0.26,0.01,0
2657,8,0.26,0.26,0.01,0
2658,8,0.5,0.47,0.05,0
2659,8,0.5,0.47,0.05,0
2660,8,0.5,0.47,0.05,0
2661,8,0.61,0.46,0.03,0
2662,8,0.61,0.46,0.03,0
2663,8,0.61,0.46,0.03,0
2664,8,0.27,0.31,0.02,0
2665,8,0.27,0.31,0.02,0
2666,8,0.27,0.31,0.02,0
2667,8,0.54,0.28,0.06,0
2668,8,0.54,0.28,0.06,0
2669,8,0.54,0.28,0.06,0
2670,8,0.54,0.28,0.06,0
2671,8,0.54,0.28,0.06,0
2672,8,0.54,0.28,0.06,0
2673,8,0.54,0.28,0.06,0
2674,8,0.4,0.46,0.01,0
2675,8,0.4,0.46,0.01,0
2676,8,0.4,0.46,0.01,0
2677,8,0.33,0.41,0.01,0
2678,8,0.33,0.41,0.01,0
2679,8,0.33,0.41,0.01,0
2680,8,0.53,0.36,0.01,0
2681,8,0.53,0.36,0.01,0
2682,8,0.53,0.36,0.01,0
2683,8,0.53,0.36,0.01,0
2684,8,0.53,0.47,0.02,0
2685,8,0.53,0.47,0.02,0
2686,8,0.53,0.47,0.02,0
2687,8,0.28,0.45,0.01,0
2688,8,0.28,0.45,0.01,0
2689,8,0.28,0.45,0.01,0
2690,8,0.37,0.35,0.02,0
2691,8,0.37,0.35,0.02,0
2692,8,0.37,0.35,0.02,0
2693,8,0.56,0.35,0.03,0
2694,8,0.56,0.35,0.03,0
2695,8,0.56,0.35,0.03,0
2696,8,0.44,0.53,0.01,0
2697,8,0.44,0.53,0.01,0
2698,8,0.44,0.53,0.01,0
2699,8,0.15,0.5,0.03,0
2700,8,0.15,0.5,0.03,0
2701,8,0.15,0.5,0.03,0
2702,8,0.29,0.39,0.01,0
2703,8,0.32,0.4,0.74,2
2704,8,0.32,0.4,0.74,2
2705,8,0.32,0.4,0.74,2
2706,8,0.61,0.87,0.96,2
2707,8,0.61,0.87,0.96,2
2708,8,0.61,0.87,0.96,2
2709,8,0.61,0.87,0.96,2
2710,8,0.44,0.46,0.57,2
2711,8,0.44,0.46,0.57,2
2712,8,0.44,0.46,0.57,2
2713,8,0.71,0.49,0.54,2
2714,8,0.71,0.49,0.54,2
2715,8,0.71,0.49,0.54,2
2716,8,0.71,0.49,0.54,2
2717,8,0.71,0.49,0.54,2
2718,8,0.59,0.57,0.94,2
2719,8,0.59,0.57,0.94,2
2720,8,0.59,0.57,0.94,2
2721,8,0.59,0.57,0.94,2
2722,8,0.63,0.77,0.48,2
2723,8,0.63,0.77,0.48,2
2724,8,0.63,0.77,0.48,2
2725,8,0.56,0.8,0.4,2
2726,8,0.56,0.8,0.4,2
2727,8,0.56,0.8,0.4,2
2728,8,0.55,0.66,0.55,2
2729,8,0.55,0.66,0.55,2
2730,8,0.55,0.66,0.55,2
2731,8,0.53,0.61,0.55,2
2732,8,0.53,0.61,0.55,2
2733,8,0.53,0.61,0.55,2
2734,8,0.64,0.76,0.42,2
2735,8,0.64,0.76,0.42,2
2736,8,0.64,0.76,0.42,2
2737,8,0.59,0.65,0.73,2
2738,8,0.59,0.65,0.73,2
2739,8,0.59,0.65,0.73,2
2740,8,0.62,0.65,0.8,2
2741,8,0.62,0.65,0.8,2
2742,8,0.62,0.65,0.8,2
2743,8,0.65,0.62,0.67,2
2744,8,0.65,0.62,0.67,2
2745,8,0.65,0.62,0.67,2
2746,8,0.52,0.54,0.58,2
2747,8,0.52,0.54,0.58,2
2748,8,0.52,0.54,0.58,2
2749,8,0.68,0.64,0.64,2
2750,8,0.68,0.64,0.64,2
2751,8,0.68,0.64,0.64,2
2752,8,0.59,0.96,0.78,2
2753,8,0.59,0.96,0.78,2
2754,8,0.59,0.96,0.78,2
2755,8,0.57,0.6,0.52,2
2756,8,0.57,0.6,0.52,2
2757,8,0.57,0.6,0.52,2
2758,8,0.67,0.61,0.55,2
2759,8,0.67,0.61,0.55,2
2760,8,0.67,0.61,0.55,2
2761,8,0.69,0.75,0.59,2
2762,8,0.69,0.75,0.59,2
2763,8,0.92,0.81,0.04,1
2764,8,0.92,0.81,0.04,1
2765,8,0.9,0.71,0.07,1
2766,8,0.9,0.71,0.07,1
2767,8,0.9,0.71,0.07,1
2768,8,0.9,0.71,0.07,1
2769,8,0.31,0.56,0.05,1
2770,8,0.31,0.56,0.05,1
2771,8,0.31,0.56,0.05,1
2772,8,0.31,0.56,0.05,1
2773,8,0.46,0.35,0.01,1
2774,8,0.46,0.35,0.01,1
2775,8,0.46,0.35,0.01,1
2776,8,0.97,0.38,0.01,1
2777,8,0.97,0.38,0.01,1
2778,8,0.97,0.38,0.01,1
2779,8,0.51,0.4,0.01,1
2780,8,0.51,0.4,0.01,1
2781,8,0.51,0.4,0.01,1
2782,8,0.4,0.56,0.01,1
2783,8,0.4,0.56,0.01,1
2784,8,0.4,0.56,0.01,1
2785,8,0.65,0.57,0.0,1
2786,8,0.65,0.57,0.0,1
2787,8,0.65,0.57,0.0,1
2788,8,0.6,0.8,0.01,1
2789,8,0.6,0.8,0.01,1
2790,8,0.6,0.8,0.01,1
2791,8,0.9,0.93,0.01,1
2792,8,0.9,0.93,0.01,1
2793,8,0.9,0.93,0.01,1
2794,8,0.96,0.86,0.01,1
2795,8,0.96,0.86,0.01,1
2796,8,0.96,0.86,0.01,1
2797,8,0.88,0.78,0.01,1
2798,8,0.88,0.78,0.01,1
2799,8,0.88,0.78,0.01,1
2800,8,0.9,0.88,0.01,1
2801,8,0.9,0.88,0.01,1
2802,8,0.9,0.88,0.01,1
2803,8,0.99,0.88,0.01,1
2804,8,0.99,0.88,0.01,1
2805,8,0.99,0.88,0.01,1
2806,8,0.97,0.88,0.01,1
2807,8,0.97,0.88,0.01,1
2808,8,0.97,0.88,0.01,1
2809,8,0.99,0.91,0.01,1
2810,8,0.99,0.91,0.01,1
2811,8,0.99,0.91,0.01,1
2812,8,0.89,0.94,0.01,1
2813,8,0.89,0.94,0.01,1
2814,8,0.89,0.94,0.01,1
2815,8,0.99,0.85,0.01,1
2816,8,0.99,0.85,0.01,1
2817,8,0.99,0.85,0.01,1
2818,8,0.86,0.99,0.01,1
2819,8,0.86,0.99,0.01,1
2820,8,0.86,0.99,0.01,1
2821,8,0.85,0.99,0.01,1
2822,8,0.85,0.99,0.01,1
2823,9,0.43,0.44,0.0,1
2824,9,0.43,0.44,0.0,1
2825,9,0.43,0.44,0.0,1
2826,9,0.43,0.44,0.0,1
2827,9,0.43,0.44,0.0,1
2828,9,0.43,0.44,0.0,1
2829,9,0.43,0.44,0.0,1
2830,9,0.43,0.44,0.0,1
2831,9,0.43,0.44,0.0,1
2832,9,0.43,0.44,0.0,1
2833,9,0.43,0.44,0.0,1
2834,9,0.38,0.54,0.0,1
2835,9,0.38,0.54,0.0,1
2836,9,0.38,0.54,0.0,1
2837,9,0.38,0.54,0.0,1
2838,9,0.38,0.54,0.0,1
2839,9,0.38,0.54,0.0,1
2840,9,0.38,0.54,0.0,1
2841,9,0.38,0.54,0.0,1
2842,9,0.38,0.54,0.0,1
2843,9,0.38,0.54,0.0,1
2844,9,0.38,0.54,0.0,1
2845,9,0.38,0.54,0.0,1
2846,9,0.38,0.54,0.0,1
2847,9,0.38,0.54,0.0,1
2848,9,0.38,0.54,0.0,1
2849,9,0.38,0.54,0.0,1
2850,9,0.99,0.99,0.0,1
2851,9,0.99,0.99,0.0,1
2852,9,0.99,0.99,0.0,1
2853,9,0.99,0.99,0.0,1
2854,9,0.99,0.99,0.0,1
2855,9,0.99,0.99,0.0,1
2856,9,0.99,0.86,0.0,1
2857,9,0.99,0.86,0.0,1
2858,9,0.99,0.86,0.0,1
2859,9,0.99,0.86,0.0,1
2860,9,0.99,0.98,0.01,1
2861,9,0.99,0.98,0.01,1
2862,9,0.99,0.98,0.01,1
2863,9,0.99,0.99,0.02,1
2864,9,0.99,0.99,0.02,1
2865,9,0.99,0.99,0.02,1
2866,9,0.99,0.99,0.02,1
2867,9,0.99,0.99,0.24,1
2868,9,0.99,0.99,0.24,1
2869,9,0.99,0.99,0.24,1
2870,9,0.99,0.99,0.02,1
2871,9,0.99,0.99,0.02,1
2872,9,0.99,0.99,0.02,1
2873,9,0.99,0.99,0.02,1
2874,9,1.0,0.99,0.04,1
2875,9,1.0,0.99,0.04,1
2876,9,1.0,0.99,0.04,1
2877,9,0.99,0.92,0.02,1
2878,9,0.99,0.92,0.02,1
2879,9,0.99,0.92,0.02,1
2880,9,0.99,0.92,0.02,1
2881,9,0.99,0.93,0.06,1
2882,9,0.99,0.93,0.06,1
2883,9,0.99,0.99,0.0,0
2884,9,0.99,0.99,0.0,0
2885,9,0.99,0.99,0.0,0
2886,9,0.99,0.99,0.0,0
2887,9,0.99,0.99,0.0,0
2888,9,0.99,0.99,0.0,0
2889,9,0.99,0.99,0.0,0
2890,9,0.99,0.99,0.0,0
2891,9,0.99,0.99,0.07,0
2892,9,0.99,0.99,0.07,0
2893,9,0.99,0.99,0.07,0
2894,9,0.99,0.99,0.07,0
2895,9,0.02,0.07,0.01,0
2896,9,0.02,0.07,0.01,0
2897,9,0.02,0.07,0.01,0
2898,9,0.99,0.99,0.01,0
2899,9,0.99,0.99,0.01,0
2900,9,0.99,0.99,0.01,0
2901,9,0.99,0.95,0.01,0
2902,9,0.99,0.95,0.01,0
2903,9,0.99,0.95,0.01,0
2904,9,0.99,0.99,0.01,0
2905,9,0.99,0.99,0.01,0
2906,9,0.99,0.99,0.01,0
2907,9,0.99,0.99,0.01,0
2908,9,0.99,0.99,0.03,0
2909,9,0.99,0.99,0.03,0
2910,9,0.99,0.99,0.03,0
2911,9,0.99,0.99,0.01,0
2912,9,0.99,0.99,0.01,0
2913,9,0.99,0.99,0.01,0
2914,9,0.99,0.99,0.01,0
2915,9,0.99,0.99,0.01,0
2916,9,0.99,0.99,0.01,0
2917,9,0.99,0.99,0.01,0
2918,9,0.99,0.97,0.01,0
2919,9,0.99,0.97,0.01,0
2920,9,0.99,0.97,0.01,0
2921,9,0.99,0.97,0.01,0
2922,9,0.99,0.99,0.01,0
2923,9,0.99,0.99,0.01,0
2924,9,0.99,0.99,0.01,0
2925,9,0.99,0.99,0.01,0
2926,9,0.99,0.99,0.01,0
2927,9,0.99,0.99,0.01,0
2928,9,0.99,0.99,0.01,0
2929,9,0.99,0.99,0.01,0
2930,9,0.99,0.99,0.01,0
2931,9,0.99,0.99,0.01,0
2932,9,0.99,0.99,0.01,0
2933,9,1.0,0.99,0.16,0
2934,9,1.0,0.99,0.16,0
2935,9,1.0,0.99,0.16,0
2936,9,1.0,0.99,0.01,0
2937,9,1.0,0.99,0.01,0
2938,9,1.0,0.99,0.01,0
2939,9,1.0,0.99,0.01,0
2940,9,1.0,0.99,0.01,0
2941,9,1.0,0.99,0.01,0
2942,9,1.0,0.99,0.01,0
2943,9,0.99,0.99,0.0,2
2944,9,0.52,0.85,0.25,2
2945,9,0.52,0.85,0.25,2
2946,9,0.52,0.85,0.25,2
2947,9,0.52,0.85,0.25,2
2948,9,0.52,0.85,0.25,2
2949,9,0.52,0.85,0.25,2
2950,9,0.73,0.99,0.13,2
2951,9,0.73,0.99,0.13,2
2952,9,0.73,0.99,0.13,2
2953,9,0.73,0.99,0.13,2
2954,9,0.68,0.89,0.32,2
2955,9,0.68,0.89,0.32,2
2956,9,0.68,0.89,0.32,2
2957,9,0.15,0.39,0.19,2
2958,9,0.15,0.39,0.19,2
2959,9,0.15,0.39,0.19,2
2960,9,0.53,0.71,0.48,2
2961,9,0.53,0.71,0.48,2
2962,9,0.53,0.71,0.48,2
2963,9,0.53,0.71,0.48,2
2964,9,0.73,0.89,0.74,2
2965,9,0.73,0.89,0.74,2
2966,9,0.73,0.89,0.74,2
2967,9,0.73,0.89,0.74,2
2968,9,0.73,0.89,0.74,2
2969,9,0.73,0.89,0.74,2
2970,9,0.5,0.68,0.96,2
2971,9,0.5,0.68,0.96,2
2972,9,0.5,0.68,0.96,2
2973,9,0.55,0.32,0.97,2
2974,9,0.55,0.32,0.97,2
2975,9,0.55,0.32,0.97,2
2976,9,0.77,0.83,0.97,2
2977,9,0.77,0.83,0.97,2
2978,9,0.77,0.83,0.97,2
2979,9,0.29,0.3,0.96,2
2980,9,0.29,0.3,0.96,2
2981,9,0.29,0.3,0.96,2
2982,9,0.13,0.31,0.96,2
2983,9,0.13,0.31,0.96,2
2984,9,0.13,0.31,0.96,2
2985,9,0.13,0.31,0.96,2
2986,9,0.13,0.31,0.96,2
2987,9,0.71,0.75,0.96,2
2988,9,0.71,0.75,0.96,2
2989,9,0.71,0.75,0.96,2
2990,9,0.74,0.69,0.96,2
2991,9,0.74,0.69,0.96,2
2992,9,0.74,0.69,0.96,2
2993,9,0.67,0.76,0.96,2
2994,9,0.67,0.76,0.96,2
2995,9,0.67,0.76,0.96,2
2996,9,0.72,0.83,0.97,2
2997,9,0.72,0.83,0.97,2
2998,9,0.72,0.83,0.97,2
2999,9,0.58,0.71,0.98,2
3000,9,0.58,0.71,0.98,2
3001,9,0.58,0.71,0.98,2
3002,9,0.44,0.67,0.97,2
3003,9,0.24,0.41,0.0,0
3004,9,0.52,0.91,0.0,0
3005,9,0.52,0.91,0.0,0
3006,9,0.52,0.91,0.0,0
3007,9,0.52,0.91,0.0,0
3008,9,0.52,0.91,0.0,0
3009,9,0.52,0.91,0.0,0
3010,9,1.0,1.0,0.0,0
3011,9,0.29,0.6,0.01,0
3012,9,0.29,0.6,0.01,0
3013,9,0.29,0.6,0.01,0
3014,9,0.29,0.6,0.01,0
3015,9,0.29,0.6,0.01,0
3016,9,0.29,0.6,0.01,0
3017,9,0.02,0.02,0.01,0
3018,9,0.02,0.02,0.01,0
3019,9,0.02,0.02,0.01,0
3020,9,0.02,0.02,0.01,0
3021,9,0.02,0.02,0.01,0
3022,9,0.68,0.59,0.01,0
3023,9,0.68,0.59,0.01,0
3024,9,0.68,0.59,0.01,0
3025,9,0.46,0.64,0.01,0
3026,9,0.46,0.64,0.01,0
3027,9,0.46,0.64,0.01,0
3028,9,0.79,0.45,0.01,0
3029,9,0.79,0.45,0.01,0
3030,9,0.79,0.45,0.01,0
3031,9,0.79,0.7,0.01,0
3032,9,0.79,0.7,0.01,0
3033,9,0.79,0.7,0.01,0
3034,9,0.75,0.75,0.01,0
3035,9,0.75,0.75,0.01,0
3036,9,0.75,0.75,0.01,0
3037,9,0.69,0.61,0.01,0
3038,9,0.69,0.61,0.01,0
3039,9,0.69,0.61,0.01,0
3040,9,0.78,0.92,0.01,0
3041,9,0.78,0.92,0.01,0
3042,9,0.78,0.92,0.01,0
3043,9,0.78,0.92,0.01,0
3044,9,0.86,0.69,0.01,0
3045,9,0.86,0.69,0.01,0
3046,9,0.86,0.69,0.01,0
3047,9,0.77,0.74,0.01,0
3048,9,0.77,0.74,0.01,0
3049,9,0.77,0.74,0.01,0
3050,9,0.83,0.68,0.01,0
3051,9,0.83,0.68,0.01,0
3052,9,0.83,0.68,0.01,0
3053,9,0.82,0.8,0.01,0
3054,9,0.82,0.8,0.01,0
3055,9,0.82,0.8,0.01,0
3056,9,0.8,0.86,0.01,0
3057,9,0.8,0.86,0.01,0
3058,9,0.8,0.86,0.01,0
3059,9,0.79,0.94,0.01,0
3060,9,0.79,0.94,0.01,0
3061,9,0.79,0.94,0.01,0
3062,9,0.87,0.68,0.01,0
3063,9,0.41,0.42,0.0,1
3064,9,0.29,0.68,0.01,1
3065,9,0.29,0.68,0.01,1
3066,9,0.29,0.68,0.01,1
3067,9,0.29,0.68,0.01,1
3068,9,0.29,0.68,0.01,1
3069,9,0.29,0.68,0.01,1
3070,9,0.29,0.68,0.01,1
3071,9,0.4,0.8,0.01,1
3072,9,0.4,0.8,0.01,1
3073,9,0.4,0.8,0.01,1
3074,9,0.4,0.8,0.01,1
3075,9,0.81,0.88,0.01,1
3076,9,0.81,0.88,0.01,1
3077,9,0.81,0.88,0.01,1
3078,9,0.99,0.95,0.01,1
3079,9,0.99,0.95,0.01,1
3080,9,0.99,0.95,0.01,1
3081,9,0.2,0.29,0.01,1
3082,9,0.2,0.29,0.01,1
3083,9,0.2,0.29,0.01,1
3084,9,0.2,0.29,0.01,1
3085,9,0.99,0.77,0.01,1
3086,9,0.99,0.77,0.01,1
3087,9,0.99,0.77,0.01,1
3088,9,0.99,0.92,0.01,1
3089,9,0.99,0.92,0.01,1
3090,9,0.99,0.92,0.01,1
3091,9,0.99,0.97,0.01,1
3092,9,0.99,0.97,0.01,1
3093,9,0.99,0.97,0.01,1
3094,9,0.99,0.99,0.01,1
3095,9,0.99,0.99,0.01,1
3096,9,0.99,0.99,0.01,1
3097,9,0.99,0.95,0.01,1
3098,9,0.99,0.95,0.01,1
3099,9,0.99,0.95,0.01,1
3100,9,0.99,0.99,0.01,1
3101,9,0.99,0.99,0.01,1
3102,9,0.99,0.99,0.01,1
3103,9,0.99,0.96,0.01,1
3104,9,0.99,0.96,0.01,1
3105,9,0.99,0.96,0.01,1
3106,9,0.99,0.96,0.01,1
3107,9,0.99,0.99,0.01,1
3108,9,0.99,0.99,0.01,1
3109,9,0.99,0.99,0.01,1
3110,9,0.99,0.99,0.01,1
3111,9,0.99,0.99,0.01,1
3112,9,0.99,0.99,0.01,1
3113,9,0.65,0.38,0.01,1
3114,9,0.65,0.38,0.01,1
3115,9,0.65,0.38,0.01,1
3116,9,0.86,0.76,0.01,1
3117,9,0.86,0.76,0.01,1
3118,9,0.86,0.76,0.01,1
3119,9,0.97,0.99,0.01,1
3120,9,0.97,0.99,0.01,1
3121,9,0.97,0.99,0.01,1
3122,9,0.99,0.89,0.01,1
3123,9,0.21,0.2,0.0,2
3124,9,0.07,0.22,0.01,2
3125,9,0.07,0.22,0.01,2
3126,9,0.07,0.22,0.01,2
3127,9,0.07,0.22,0.01,2
3128,9,0.07,0.22,0.01,2
3129,9,0.07,0.22,0.01,2
3130,9,0.07,0.22,0.01,2
3131,9,0.63,0.6,0.07,2
3132,9,0.63,0.6,0.07,2
3133,9,0.63,0.6,0.07,2
3134,9,0.63,0.6,0.07,2
3135,9,0.99,0.91,0.14,2
3136,9,0.99,0.91,0.14,2
3137,9,0.99,0.91,0.14,2
3138,9,0.99,0.72,0.38,2
3139,9,0.99,0.72,0.38,2
3140,9,0.99,0.72,0.38,2
3141,9,0.96,0.99,0.0,2
3142,9,0.96,0.99,0.0,2
3143,9,0.96,0.99,0.0,2
3144,9,0.96,0.99,0.0,2
3145,9,0.96,0.99,0.0,2
3146,9,0.96,0.99,0.0,2
3147,9,0.96,0.99,0.0,2
3148,9,0.46,0.74,0.17,2
3149,9,0.46,0.74,0.17,2
3150,9,0.46,0.74,0.17,2
3151,9,0.46,0.74,0.17,2
3152,9,0.46,0.74,0.17,2
3153,9,0.46,0.74,0.17,2
3154,9,0.28,0.55,0.54,2
3155,9,0.28,0.55,0.54,2
3156,9,0.28,0.55,0.54,2
3157,9,0.37,0.37,0.96,2
3158,9,0.37,0.37,0.96,2
3159,9,0.37,0.37,0.96,2
3160,9,0.09,0.42,0.3,2
3161,9,0.09,0.42,0.3,2
3162,9,0.09,0.42,0.3,2
3163,9,0.09,0.42,0.3,2
3164,9,0.09,0.42,0.3,2
3165,9,0.42,0.21,0.44,2
3166,9,0.42,0.21,0.44,2
3167,9,0.42,0.21,0.44,2
3168,9,0.12,0.15,0.96,2
3169,9,0.12,0.15,0.96,2
3170,9,0.12,0.15,0.96,2
3171,9,0.12,0.15,0.96,2
3172,9,0.22,0.4,0.69,2
3173,9,0.22,0.4,0.69,2
3174,9,0.22,0.4,0.69,2
3175,9,0.22,0.4,0.69,2
3176,9,0.22,0.4,0.69,2
3177,9,0.22,0.4,0.69,2
3178,9,0.17,0.32,0.96,2
3179,9,0.17,0.32,0.96,2
3180,9,0.17,0.32,0.96,2
3181,9,0.17,0.32,0.96,2
3182,9,0.15,0.48,0.92,2
3183,10,0.99,0.99,0.01,0
3184,10,0.99,0.99,0.01,0
3185,10,0.99,0.99,0.01,0
3186,10,0.99,0.99,0.01,0
3187,10,0.99,0.99,0.01,0
3188,10,0.99,0.99,0.01,0
3189,10,0.99,0.99,0.01,0
3190,10,0.99,0.99,0.01,0
3191,10,0.99,0.99,0.01,0
3192,10,0.99,0.99,0.01,0
3193,10,0.99,0.99,0.0,0
3194,10,0.99,0.99,0.0,0
3195,10,0.99,0.99,0.0,0
3196,10,0.99,0.99,0.01,0
3197,10,0.99,0.99,0.01,0
3198,10,0.99,0.99,0.01,0
3199,10,0.99,0.99,0.01,0
3200,10,0.99,0.99,0.01,0
3201,10,0.99,0.99,0.01,0
3202,10,0.99,0.99,0.0,0
3203,10,0.99,0.99,0.0,0
3204,10,0.99,0.99,0.0,0
3205,10,0.99,0.99,0.01,0
3206,10,0.99,0.99,0.01,0
3207,10,0.99,0.99,0.01,0
3208,10,0.99,0.99,0.01,0
3209,10,0.99,0.99,0.01,0
3210,10,0.99,0.99,0.01,0
3211,10,0.99,0.99,0.01,0
3212,10,0.99,0.99,0.01,0
3213,10,0.99,0.99,0.01,0
3214,10,0.99,0.99,0.0,0
3215,10,0.99,0.99,0.0,0
3216,10,0.99,0.99,0.0,0
3217,10,0.99,0.99,0.01,0
3218,10,0.99,0.99,0.01,0
3219,10,0.99,0.99,0.01,0
3220,10,0.99,0.99,0.01,0
3221,10,0.99,0.99,0.01,0
3222,10,0.99,0.99,0.01,0
3223,10,0.99,0.99,0.01,0
3224,10,0.99,0.99,0.01,0
3225,10,0.99,0.99,0.01,0
3226,10,0.99,0.99,0.01,0
3227,10,0.99,0.99,0.0,0
3228,10,0.99,0.99,0.0,0
3229,10,0.99,0.99,0.0,0
3230,10,0.65,0.72,0.01,0
3231,10,0.65,0.72,0.01,0
3232,10,0.65,0.72,0.01,0
3233,10,0.68,0.7,0.01,0
3234,10,0.68,0.7,0.01,0
3235,10,0.68,0.7,0.01,0
3236,10,0.95,0.82,0.02,0
3237,10,0.95,0.82,0.02,0
3238,10,0.95,0.82,0.02,0
3239,10,0.81,0.85,0.01,0
3240,10,0.81,0.85,0.01,0
3241,10,0.81,0.85,0.01,0
3242,10,1.0,0.99,0.01,0
3243,10,0.99,0.99,0.0,2
3244,10,0.99,0.99,0.0,2
3245,10,0.99,0.99,0.0,2
3246,10,0.99,0.92,0.01,2
3247,10,0.99,0.92,0.01,2
3248,10,0.99,0.92,0.01,2
3249,10,0.99,0.99,0.01,2
3250,10,0.99,0.99,0.01,2
3251,10,0.99,0.99,0.01,2
3252,10,0.99,0.99,0.01,2
3253,10,0.99,0.99,0.01,2
3254,10,0.99,0.99,0.01,2
3255,10,0.99,0.99,0.01,2
3256,10,0.99,0.99,0.01,2
3257,10,0.99,0.99,0.01,2
3258,10,0.99,0.99,0.97,2
3259,10,0.99,0.99,0.97,2
3260,10,0.99,0.99,0.97,2
3261,10,0.99,0.99,0.96,2
3262,10,0.99,0.99,0.96,2
3263,10,0.99,0.99,0.96,2
3264,10,0.99,0.99,0.96,2
3265,10,0.99,0.99,0.96,2
3266,10,0.99,0.99,0.96,2
3267,10,0.99,0.95,0.97,2
3268,10,0.99,0.95,0.97,2
3269,10,0.99,0.95,0.97,2
3270,10,0.98,0.99,0.68,2
3271,10,0.98,0.99,0.68,2
3272,10,0.98,0.99,0.68,2
3273,10,0.98,0.99,0.68,2
3274,10,0.99,0.99,0.66,2
3275,10,0.99,0.99,0.66,2
3276,10,0.99,0.99,0.66,2
3277,10,0.99,0.99,0.95,2
3278,10,0.99,0.99,0.95,2
3279,10,0.99,0.99,0.95,2
3280,10,0.99,0.93,0.86,2
3281,10,0.99,0.93,0.86,2
3282,10,0.99,0.93,0.86,2
3283,10,0.99,0.99,0.63,2
3284,10,0.99,0.99,0.63,2
3285,10,0.99,0.99,0.63,2
3286,10,0.99,0.99,0.53,2
3287,10,0.99,0.99,0.53,2
3288,10,0.99,0.99,0.53,2
3289,10,0.99,0.99,0.53,2
3290,10,0.99,0.99,0.97,2
3291,10,0.99,0.99,0.97,2
3292,10,0.99,0.99,0.97,2
3293,10,0.99,0.99,0.96,2
3294,10,0.99,0.99,0.96,2
3295,10,0.99,0.99,0.96,2
3296,10,0.99,0.99,0.97,2
3297,10,0.99,0.99,0.97,2
3298,10,0.99,0.99,0.97,2
3299,10,0.99,0.99,0.97,2
3300,10,0.99,0.98,0.18,2
3301,10,0.99,0.98,0.18,2
3302,10,0.99,0.98,0.18,2
3303,10,0.99,0.99,0.01,1
3304,10,0.98,0.93,0.01,1
3305,10,0.98,0.93,0.01,1
3306,10,0.98,0.93,0.01,1
3307,10,0.99,0.99,0.01,1
3308,10,0.99,0.99,0.01,1
3309,10,0.99,0.99,0.01,1
3310,10,0.99,0.99,0.01,1
3311,10,0.99,0.99,0.01,1
3312,10,0.99,0.99,0.01,1
3313,10,0.99,0.99,0.01,1
3314,10,0.99,0.99,0.01,1
3315,10,0.99,0.99,0.01,1
3316,10,0.99,0.98,0.01,1
3317,10,0.99,0.98,0.01,1
3318,10,0.99,0.98,0.01,1
3319,10,0.99,0.99,0.0,1
3320,10,0.99,0.99,0.0,1
3321,10,0.99,0.99,0.0,1
3322,10,0.99,0.99,0.0,1
3323,10,0.99,0.99,0.0,1
3324,10,0.99,0.99,0.0,1
3325,10,0.99,0.99,0.0,1
3326,10,0.99,0.99,0.0,1
3327,10,0.99,0.99,0.0,1
3328,10,0.99,0.99,0.01,1
3329,10,0.99,0.99,0.01,1
3330,10,0.99,0.99,0.01,1
3331,10,0.99,0.99,0.01,1
3332,10,0.99,0.99,0.0,1
3333,10,0.99,0.99,0.0,1
3334,10,0.99,0.99,0.0,1
3335,10,0.99,0.99,0.0,1
3336,10,0.99,0.99,0.0,1
3337,10,0.99,0.99,0.0,1
3338,10,0.99,0.99,0.01,1
3339,10,0.99,0.99,0.01,1
3340,10,0.99,0.99,0.01,1
3341,10,0.99,0.99,0.01,1
3342,10,0.99,0.99,0.01,1
3343,10,0.99,0.99,0.01,1
3344,10,0.99,0.99,0.0,1
3345,10,0.99,0.99,0.0,1
3346,10,0.99,0.99,0.0,1
3347,10,0.99,0.99,0.0,1
3348,10,0.99,0.99,0.0,1
3349,10,0.99,0.99,0.0,1
3350,10,0.99,0.99,0.0,1
3351,10,0.99,0.99,0.0,1
3352,10,0.99,0.99,0.0,1
3353,10,0.99,0.99,0.0,1
3354,10,0.68,0.91,0.0,1
3355,10,0.68,0.91,0.0,1
3356,10,0.68,0.91,0.0,1
3357,10,0.68,0.91,0.0,1
3358,10,0.99,0.99,0.0,1
3359,10,0.99,0.99,0.0,1
3360,10,0.99,0.99,0.0,1
3361,10,0.99,0.99,0.0,1
3362,10,0.99,0.99,0.0,1
3363,10,0.99,0.99,0.01,2
3364,10,0.99,0.99,0.01,2
3365,10,0.99,0.99,0.01,2
3366,10,0.99,0.99,0.01,2
3367,10,0.99,0.99,0.01,2
3368,10,0.99,0.99,0.01,2
3369,10,0.99,0.99,0.01,2
3370,10,0.99,0.99,0.01,2
3371,10,0.99,0.99,0.01,2
3372,10,0.99,0.99,0.01,2
3373,10,0.99,0.99,0.01,2
3374,10,0.99,0.99,0.01,2
3375,10,0.99,0.99,0.35,2
3376,10,0.99,0.99,0.35,2
3377,10,0.99,0.99,0.35,2
3378,10,0.99,0.99,0.35,2
3379,10,0.85,0.99,0.3,2
3380,10,0.85,0.99,0.3,2
3381,10,0.85,0.99,0.3,2
3382,10,0.99,0.99,0.31,2
3383,10,0.99,0.99,0.31,2
3384,10,0.99,0.99,0.31,2
3385,10,0.99,0.99,0.21,2
3386,10,0.99,0.99,0.21,2
3387,10,0.99,0.99,0.21,2
3388,10,0.99,0.99,0.24,2
3389,10,0.99,0.99,0.24,2
3390,10,0.99,0.99,0.24,2
3391,10,0.99,0.99,0.36,2
3392,10,0.99,0.99,0.36,2
3393,10,0.99,0.99,0.36,2
3394,10,0.99,0.91,0.33,2
3395,10,0.99,0.91,0.33,2
3396,10,0.99,0.91,0.33,2
3397,10,0.99,0.99,0.4,2
3398,10,0.99,0.99,0.4,2
3399,10,0.99,0.99,0.4,2
3400,10,0.99,0.97,0.34,2
3401,10,0.99,0.97,0.34,2
3402,10,0.99,0.97,0.34,2
3403,10,0.99,0.97,0.34,2
3404,10,0.03,0.02,0.06,2
3405,10,0.03,0.02,0.06,2
3406,10,0.03,0.02,0.06,2
3407,10,0.03,0.02,0.06,2
3408,10,0.99,0.98,0.01,2
3409,10,0.99,0.98,0.01,2
3410,10,0.99,0.98,0.01,2
3411,10,0.99,0.99,0.07,2
3412,10,0.99,0.99,0.07,2
3413,10,0.99,0.99,0.07,2
3414,10,0.99,0.99,0.07,2
3415,10,0.99,0.99,0.01,2
3416,10,0.99,0.99,0.01,2
3417,10,0.99,0.99,0.01,2
3418,10,0.99,0.99,0.01,2
3419,10,0.99,0.99,0.01,2
3420,10,0.99,0.99,0.01,2
3421,10,0.99,0.99,0.01,2
3422,10,0.88,0.98,0.01,2
3423,10,0.24,0.99,0.01,1
3424,10,0.24,0.99,0.01,1
3425,10,0.36,0.75,0.01,1
3426,10,0.36,0.75,0.01,1
3427,10,0.36,0.75,0.01,1
3428,10,0.91,0.67,0.0,1
3429,10,0.91,0.67,0.0,1
3430,10,0.91,0.67,0.0,1
3431,10,0.93,0.97,0.0,1
3432,10,0.93,0.97,0.0,1
3433,10,0.93,0.97,0.0,1
3434,10,0.94,0.94,0.04,1
3435,10,0.94,0.94,0.04,1
3436,10,0.94,0.94,0.04,1
3437,10,0.94,0.94,0.04,1
3438,10,0.89,0.99,0.01,1
3439,10,0.89,0.99,0.01,1
3440,10,0.89,0.99,0.01,1
3441,10,0.98,0.99,0.0,1
3442,10,0.98,0.99,0.0,1
3443,10,0.98,0.99,0.0,1
3444,10,0.99,0.99,0.0,1
3445,10,0.99,0.99,0.0,1
3446,10,0.99,0.99,0.0,1
3447,10,0.99,0.99,0.0,1
3448,10,0.99,0.99,0.0,1
3449,10,0.99,0.99,0.0,1
3450,10,0.97,0.99,0.0,1
3451,10,0.97,0.99,0.0,1
3452,10,0.97,0.99,0.0,1
3453,10,0.99,0.99,0.0,1
3454,10,0.99,0.99,0.0,1
3455,10,0.99,0.99,0.0,1
3456,10,0.95,0.99,0.0,1
3457,10,0.95,0.99,0.0,1
3458,10,0.95,0.99,0.0,1
3459,10,0.99,0.99,0.0,1
3460,10,0.99,0.99,0.0,1
3461,10,0.99,0.99,0.0,1
3462,10,0.99,0.99,0.01,1
3463,10,0.99,0.99,0.01,1
3464,10,0.99,0.99,0.01,1
3465,10,0.9,0.99,0.01,1
3466,10,0.9,0.99,0.01,1
3467,10,0.9,0.99,0.01,1
3468,10,0.99,0.99,0.01,1
3469,10,0.99,0.99,0.01,1
3470,10,0.99,0.99,0.01,1
3471,10,0.99,0.99,0.01,1
3472,10,0.99,0.99,0.01,1
3473,10,0.99,0.99,0.01,1
3474,10,0.9,0.99,0.01,1
3475,10,0.9,0.99,0.01,1
3476,10,0.9,0.99,0.01,1
3477,10,0.93,0.99,0.0,1
3478,10,0.93,0.99,0.0,1
3479,10,0.93,0.99,0.0,1
3480,10,0.98,0.99,0.01,1
3481,10,0.98,0.99,0.01,1
3482,10,0.98,0.99,0.01,1
3483,10,0.98,0.99,0.0,0
3484,10,0.98,0.99,0.0,0
3485,10,0.98,0.99,0.0,0
3486,10,0.99,0.99,0.0,0
3487,10,0.99,0.99,0.0,0
3488,10,0.99,0.99,0.0,0
3489,10,0.62,0.99,0.0,0
3490,10,0.62,0.99,0.0,0
3491,10,0.62,0.99,0.0,0
3492,10,0.99,0.97,0.01,0
3493,10,0.99,0.97,0.01,0
3494,10,0.99,0.97,0.01,0
3495,10,0.02,0.58,0.0,0
3496,10,0.02,0.58,0.0,0
3497,10,0.02,0.58,0.0,0
3498,10,0.99,0.99,0.0,0
3499,10,0.99,0.99,0.0,0
3500,10,0.99,0.99,0.0,0
3501,10,0.99,0.89,0.01,0
3502,10,0.99,0.89,0.01,0
3503,10,0.99,0.89,0.01,0
3504,10,0.93,0.86,0.01,0
3505,10,0.93,0.86,0.01,0
3506,10,0.93,0.86,0.01,0
3507,10,0.99,0.96,0.0,0
3508,10,0.99,0.96,0.0,0
3509,10,0.99,0.96,0.0,0
3510,10,0.99,0.99,0.01,0
3511,10,0.99,0.99,0.01,0
3512,10,0.99,0.99,0.01,0
3513,10,0.99,0.9,0.01,0
3514,10,0.99,0.9,0.01,0
3515,10,0.99,0.9,0.01,0
3516,10,0.99,0.99,0.0,0
3517,10,0.99,0.99,0.0,0
3518,10,0.99,0.99,0.0,0
3519,10,0.99,0.89,0.0,0
3520,10,0.99,0.89,0.0,0
3521,10,0.99,0.89,0.0,0
3522,10,0.99,0.99,0.01,0
3523,10,0.99,0.99,0.01,0
3524,10,0.99,0.99,0.01,0
3525,10,0.99,0.99,0.01,0
3526,10,0.99,0.99,0.01,0
3527,10,0.99,0.99,0.01,0
3528,10,0.99,0.99,0.0,0
3529,10,0.99,0.99,0.0,0
3530,10,0.99,0.99,0.0,0
3531,10,0.99,0.99,0.01,0
3532,10,0.99,0.99,0.01,0
3533,10,0.99,0.99,0.01,0
3534,10,0.99,0.99,0.0,0
3535,10,0.99,0.99,0.0,0
3536,10,0.99,0.99,0.0,0
3537,10,0.99,0.99,0.01,0
3538,10,0.99,0.99,0.01,0
3539,10,0.99,0.99,0.01,0
3540,10,0.99,0.99,0.01,0
3541,10,0.99,0.99,0.01,0
3542,10,0.99,0.99,0.01,0
3543,11,0.83,0.93,0.0,1
3544,11,0.83,0.93,0.0,1
3545,11,0.83,0.93,0.0,1
3546,11,0.83,0.98,0.0,1
3547,11,0.83,0.98,0.0,1
3548,11,0.83,0.98,0.0,1
3549,11,0.96,0.92,0.0,1
3550,11,0.96,0.92,0.0,1
3551,11,0.96,0.92,0.0,1
3552,11,0.96,0.92,0.0,1
3553,11,0.99,0.84,0.05,1
3554,11,0.99,0.84,0.05,1
3555,11,0.99,0.84,0.05,1
3556,11,0.53,0.81,0.07,1
3557,11,0.53,0.81,0.07,1
3558,11,0.53,0.81,0.07,1
3559,11,0.71,0.98,0.0,1
3560,11,0.71,0.98,0.0,1
3561,11,0.71,0.98,0.0,1
3562,11,0.66,0.95,0.0,1
3563,11,0.66,0.95,0.0,1
3564,11,0.66,0.95,0.0,1
3565,11,0.66,0.95,0.0,1
3566,11,0.51,0.98,0.0,1
3567,11,0.51,0.98,0.0,1
3568,11,0.51,0.98,0.0,1
3569,11,0.84,0.91,0.0,1
3570,11,0.84,0.91,0.0,1
3571,11,0.84,0.91,0.0,1
3572,11,0.81,0.99,0.0,1
3573,11,0.81,0.99,0.0,1
3574,11,0.81,0.99,0.0,1
3575,11,0.52,0.92,0.11,1
3576,11,0.52,0.92,0.11,1
3577,11,0.52,0.92,0.11,1
3578,11,0.52,0.92,0.11,1
3579,11,0.52,0.92,0.11,1
3580,11,0.52,0.92,0.11,1
3581,11,0.69,0.8,0.05,1
3582,11,0.69,0.8,0.05,1
3583,11,0.69,0.8,0.05,1
3584,11,0.69,0.8,0.05,1
3585,11,0.69,0.8,0.05,1
3586,11,0.75,0.84,0.1,1
3587,11,0.75,0.84,0.1,1
3588,11,0.75,0.84,0.1,1
3589,11,0.74,0.75,0.1,1
3590,11,0.74,0.75,0.1,1
3591,11,0.74,0.75,0.1,1
3592,11,0.63,0.68,0.0,1
3593,11,0.63,0.68,0.0,1
3594,11,0.63,0.68,0.0,1
3595,11,0.57,0.85,0.08,1
3596,11,0.57,0.85,0.08,1
3597,11,0.57,0.85,0.08,1
3598,11,0.62,0.89,0.08,1
3599,11,0.62,0.89,0.08,1
3600,11,0.62,0.89,0.08,1
3601,11,0.72,0.87,0.07,1
3602,11,0.72,0.87,0.07,1
3603,11,0.7,0.86,0.0,0
3604,11,0.7,0.99,0.12,0
3605,11,0.7,0.99,0.12,0
3606,11,0.7,0.99,0.12,0
3607,11,0.68,0.99,0.0,0
3608,11,0.68,0.99,0.0,0
3609,11,0.68,0.99,0.0,0
3610,11,0.03,0.99,0.0,0
3611,11,0.03,0.99,0.0,0
3612,11,0.03,0.99,0.0,0
3613,11,0.63,0.99,0.07,0
3614,11,0.63,0.99,0.07,0
3615,11,0.63,0.99,0.07,0
3616,11,0.58,0.99,0.0,0
3617,11,0.58,0.99,0.0,0
3618,11,0.58,0.99,0.0,0
3619,11,0.53,0.99,0.23,0
3620,11,0.53,0.99,0.23,0
3621,11,0.53,0.99,0.23,0
3622,11,0.8,0.99,0.0,0
3623,11,0.8,0.99,0.0,0
3624,11,0.8,0.99,0.0,0
3625,11,0.49,0.99,0.01,0
3626,11,0.49,0.99,0.01,0
3627,11,0.49,0.99,0.01,0
3628,11,0.52,0.99,0.32,0
3629,11,0.52,0.99,0.32,0
3630,11,0.52,0.99,0.32,0
3631,11,0.83,0.99,0.0,0
3632,11,0.83,0.99,0.0,0
3633,11,0.83,0.99,0.0,0
3634,11,0.83,0.99,0.0,0
3635,11,0.99,0.99,0.13,0
3636,11,0.99,0.99,0.13,0
3637,11,0.99,0.99,0.13,0
3638,11,0.93,0.99,0.19,0
3639,11,0.93,0.99,0.19,0
3640,11,0.93,0.99,0.19,0
3641,11,0.85,0.99,0.06,0
3642,11,0.85,0.99,0.06,0
3643,11,0.85,0.99,0.06,0
3644,11,0.85,0.99,0.06,0
3645,11,0.99,0.99,0.01,0
3646,11,0.99,0.99,0.01,0
3647,11,0.99,0.99,0.01,0
3648,11,0.99,0.99,0.0,0
3649,11,0.99,0.99,0.0,0
3650,11,0.99,0.99,0.0,0
3651,11,0.99,0.99,0.02,0
3652,11,0.99,0.99,0.02,0
3653,11,0.99,0.99,0.02,0
3654,11,0.59,0.99,0.01,0
3655,11,0.59,0.99,0.01,0
3656,11,0.59,0.99,0.01,0
3657,11,0.59,0.99,0.01,0
3658,11,0.6,0.99,0.07,0
3659,11,0.6,0.99,0.07,0
3660,11,0.6,0.99,0.07,0
3661,11,0.77,0.99,0.05,0
3662,11,0.77,0.99,0.05,0
3663,11,0.89,0.99,0.01,2
3664,11,0.89,0.99,0.01,2
3665,11,0.89,0.99,0.01,2
3666,11,0.99,0.93,0.0,2
3667,11,0.99,0.93,0.0,2
3668,11,0.99,0.93,0.0,2
3669,11,0.99,0.93,0.0,2
3670,11,0.99,0.99,0.06,2
3671,11,0.99,0.99,0.06,2
3672,11,0.99,0.99,0.06,2
3673,11,0.99,0.99,0.1,2
3674,11,0.99,0.99,0.1,2
3675,11,0.99,0.99,0.1,2
3676,11,0.87,0.78,0.72,2
3677,11,0.87,0.78,0.72,2
3678,11,0.87,0.78,0.72,2
3679,11,0.88,0.7,0.69,2
3680,11,0.88,0.7,0.69,2
3681,11,0.88,0.7,0.69,2
3682,11,0.88,0.7,0.69,2
3683,11,0.99,0.73,0.94,2
3684,11,0.99,0.73,0.94,2
3685,11,0.99,0.73,0.94,2
3686,11,0.99,0.89,0.9,2
3687,11,0.99,0.89,0.9,2
3688,11,0.99,0.89,0.9,2
3689,11,0.99,0.89,0.9,2
3690,11,0.9,0.84,0.76,2
3691,11,0.9,0.84,0.76,2
3692,11,0.9,0.84,0.76,2
3693,11,0.97,0.89,0.95,2
3694,11,0.97,0.89,0.95,2
3695,11,0.97,0.89,0.95,2
3696,11,0.75,0.86,0.95,2
3697,11,0.75,0.86,0.95,2
3698,11,0.75,0.86,0.95,2
3699,11,0.95,0.85,0.95,2
3700,11,0.95,0.85,0.95,2
3701,11,0.95,0.85,0.95,2
3702,11,0.94,0.85,0.96,2
3703,11,0.94,0.85,0.96,2
3704,11,0.94,0.85,0.96,2
3705,11,0.93,0.86,0.96,2
3706,11,0.93,0.86,0.96,2
3707,11,0.93,0.86,0.96,2
3708,11,0.9,0.84,0.95,2
3709,11,0.9,0.84,0.95,2
3710,11,0.9,0.84,0.95,2
3711,11,0.95,0.87,0.95,2
3712,11,0.95,0.87,0.95,2
3713,11,0.95,0.87,0.95,2
3714,11,0.96,0.92,0.95,2
3715,11,0.96,0.92,0.95,2
3716,11,0.96,0.92,0.95,2
3717,11,0.96,0.86,0.66,2
3718,11,0.96,0.86,0.66,2
3719,11,0.99,0.91,0.49,2
3720,11,0.99,0.91,0.49,2
3721,11,0.99,0.91,0.49,2
3722,11,0.92,0.88,0.77,2
3723,11,0.99,0.88,0.0,0
3724,11,0.99,0.83,0.0,0
3725,11,0.99,0.83,0.0,0
3726,11,0.99,0.83,0.0,0
3727,11,0.99,0.87,0.01,0
3728,11,0.99,0.87,0.01,0
3729,11,0.99,0.87,0.01,0
3730,11,0.99,0.85,0.01,0
3731,11,0.99,0.85,0.01,0
3732,11,0.99,0.85,0.01,0
3733,11,0.99,0.86,0.02,0
3734,11,0.99,0.86,0.02,0
3735,11,0.99,0.86,0.02,0
3736,11,0.99,0.82,0.01,0
3737,11,0.99,0.82,0.01,0
3738,11,0.99,0.82,0.01,0
3739,11,0.99,0.82,0.01,0
3740,11,0.99,0.88,0.01,0
3741,11,0.99,0.88,0.01,0
3742,11,0.99,0.88,0.01,0
3743,11,0.99,0.82,0.02,0
3744,11,0.99,0.82,0.02,0
3745,11,0.99,0.82,0.02,0
3746,11,0.99,0.86,0.01,0
3747,11,0.99,0.86,0.01,0
3748,11,0.99,0.86,0.01,0
3749,11,0.99,0.83,0.06,0
3750,11,0.99,0.83,0.06,0
3751,11,0.99,0.83,0.06,0
3752,11,0.99,0.84,0.06,0
3753,11,0.99,0.84,0.06,0
3754,11,0.99,0.84,0.06,0
3755,11,0.96,0.82,0.02,0
3756,11,0.96,0.82,0.02,0
3757,11,0.96,0.82,0.02,0
3758,11,0.99,0.82,0.01,0
3759,11,0.99,0.82,0.01,0
3760,11,0.99,0.82,0.01,0
3761,11,0.99,0.87,0.0,0
3762,11,0.99,0.87,0.0,0
3763,11,0.99,0.87,0.0,0
3764,11,0.99,0.87,0.0,0
3765,11,0.99,0.9,0.01,0
3766,11,0.99,0.9,0.01,0
3767,11,0.99,0.9,0.01,0
3768,11,0.99,0.82,0.05,0
3769,11,0.99,0.82,0.05,0
3770,11,0.99,0.82,0.05,0
3771,11,0.99,0.78,0.02,0
3772,11,0.99,0.78,0.02,0
3773,11,0.99,0.78,0.02,0
3774,11,0.99,0.82,0.05,0
3775,11,0.99,0.82,0.05,0
3776,11,0.99,0.82,0.05,0
3777,11,0.99,0.82,0.04,0
3778,11,0.99,0.82,0.04,0
3779,11,0.99,0.82,0.04,0
3780,11,0.99,0.71,0.03,0
3781,11,0.99,0.71,0.03,0
3782,11,0.99,0.71,0.03,0
3783,11,0.93,0.54,0.0,1
3784,11,0.93,0.54,0.0,1
3785,11,0.93,0.54,0.0,1
3786,11,0.87,0.58,0.04,1
3787,11,0.87,0.58,0.04,1
3788,11,0.87,0.58,0.04,1
3789,11,0.67,0.42,0.0,1
3790,11,0.67,0.42,0.0,1
3791,11,0.67,0.42,0.0,1
3792,11,0.74,0.45,0.09,1
3793,11,0.74,0.45,0.09,1
3794,11,0.74,0.45,0.09,1
3795,11,0.68,0.4,0.09,1
3796,11,0.68,0.4,0.09,1
3797,11,0.68,0.4,0.09,1
3798,11,0.69,0.52,0.17,1
3799,11,0.69,0.52,0.17,1
3800,11,0.69,0.52,0.17,1
3801,11,0.64,0.4,0.0,1
3802,11,0.64,0.4,0.0,1
3803,11,0.64,0.4,0.0,1
3804,11,0.64,0.4,0.0,1
3805,11,0.64,0.4,0.0,1
3806,11,0.54,0.29,0.0,1
3807,11,0.54,0.29,0.0,1
3808,11,0.54,0.29,0.0,1
3809,11,0.54,0.29,0.0,1
3810,11,0.55,0.56,0.02,1
3811,11,0.55,0.56,0.02,1
3812,11,0.55,0.56,0.02,1
3813,11,0.55,0.56,0.02,1
3814,11,0.6,0.51,0.09,1
3815,11,0.6,0.51,0.09,1
3816,11,0.6,0.51,0.09,1
3817,11,0.65,0.47,0.08,1
3818,11,0.65,0.47,0.08,1
3819,11,0.67,0.52,0.15,1
3820,11,0.67,0.52,0.15,1
3821,11,0.67,0.52,0.15,1
3822,11,0.63,0.45,0.07,1
3823,11,0.63,0.45,0.07,1
3824,11,0.63,0.45,0.07,1
3825,11,0.63,0.56,0.04,1
3826,11,0.63,0.56,0.04,1
3827,11,0.67,0.59,0.09,1
3828,11,0.67,0.59,0.09,1
3829,11,0.67,0.59,0.09,1
3830,11,0.93,0.64,0.16,1
3831,11,0.93,0.64,0.16,1
3832,11,0.93,0.64,0.16,1
3833,11,0.62,0.47,0.07,1
3834,11,0.62,0.47,0.07,1
3835,11,0.62,0.47,0.07,1
3836,11,0.85,0.53,0.04,1
3837,11,0.85,0.53,0.04,1
3838,11,0.85,0.53,0.04,1
3839,11,0.62,0.51,0.21,1
3840,11,0.62,0.51,0.21,1
3841,11,0.62,0.51,0.21,1
3842,11,0.62,0.58,0.0,1
3843,11,0.99,0.77,0.01,2
3844,11,0.99,0.77,0.01,2
3845,11,0.99,0.77,0.01,2
3846,11,0.99,0.72,0.01,2
3847,11,0.99,0.72,0.01,2
3848,11,0.99,0.72,0.01,2
3849,11,0.99,0.69,0.22,2
3850,11,0.99,0.69,0.22,2
3851,11,0.99,0.69,0.22,2
3852,11,0.99,0.69,0.22,2
3853,11,0.58,0.73,0.67,2
3854,11,0.58,0.73,0.67,2
3855,11,0.58,0.73,0.67,2
3856,11,0.69,0.65,0.95,2
3857,11,0.69,0.65,0.95,2
3858,11,0.69,0.65,0.95,2
3859,11,0.72,0.77,0.95,2
3860,11,0.72,0.77,0.95,2
3861,11,0.72,0.77,0.95,2
3862,11,0.71,0.73,0.96,2
3863,11,0.71,0.73,0.96,2
3864,11,0.71,0.73,0.96,2
3865,11,0.73,0.68,0.95,2
3866,11,0.73,0.68,0.95,2
3867,11,0.73,0.68,0.95,2
3868,11,0.76,0.63,0.95,2
3869,11,0.76,0.63,0.95,2
3870,11,0.76,0.63,0.95,2
3871,11,0.73,0.7,0.91,2
3872,11,0.73,0.7,0.91,2
3873,11,0.73,0.7,0.91,2
3874,11,0.71,0.67,0.96,2
3875,11,0.71,0.67,0.96,2
3876,11,0.71,0.67,0.96,2
3877,11,0.68,0.58,0.96,2
3878,11,0.68,0.58,0.96,2
3879,11,0.68,0.58,0.96,2
3880,11,0.8,0.58,0.95,2
3881,11,0.8,0.58,0.95,2
3882,11,0.8,0.58,0.95,2
3883,11,0.65,0.72,0.82,2
3884,11,0.65,0.72,0.82,2
3885,11,0.65,0.72,0.82,2
3886,11,0.65,0.71,0.81,2
3887,11,0.65,0.71,0.81,2
3888,11,0.65,0.71,0.81,2
3889,11,0.71,0.62,0.89,2
3890,11,0.71,0.62,0.89,2
3891,11,0.71,0.62,0.89,2
3892,11,0.68,0.77,0.96,2
3893,11,0.68,0.77,0.96,2
3894,11,0.68,0.77,0.96,2
3895,11,0.77,0.83,0.85,2
3896,11,0.77,0.83,0.85,2
3897,11,0.77,0.83,0.85,2
3898,11,0.8,0.79,0.85,2
3899,11,0.8,0.79,0.85,2
3900,11,0.8,0.79,0.85,2
3901,11,0.85,0.67,0.95,2
3902,11,0.85,0.67,0.95,2
3903,12,0.18,0.07,0.0,2
3904,12,0.22,0.31,0.97,2
3905,12,0.22,0.31,0.97,2
3906,12,0.22,0.31,0.97,2
3907,12,0.22,0.31,0.97,2
3908,12,0.22,0.31,0.97,2
3909,12,0.49,0.28,0.38,2
3910,12,0.49,0.28,0.38,2
3911,12,0.49,0.28,0.38,2
3912,12,0.49,0.28,0.38,2
3913,12,0.49,0.28,0.38,2
3914,12,0.53,0.28,0.97,2
3915,12,0.53,0.28,0.97,2
3916,12,0.53,0.28,0.97,2
3917,12,0.48,0.25,0.97,2
3918,12,0.48,0.25,0.97,2
3919,12,0.48,0.25,0.97,2
3920,12,0.24,0.17,0.96,2
3921,12,0.24,0.17,0.96,2
3922,12,0.24,0.17,0.96,2
3923,12,0.38,0.35,0.96,2
3924,12,0.38,0.35,0.96,2
3925,12,0.38,0.35,0.96,2
3926,12,0.24,0.29,0.98,2
3927,12,0.24,0.29,0.98,2
3928,12,0.24,0.29,0.98,2
3929,12,0.62,0.49,0.96,2
3930,12,0.62,0.49,0.96,2
3931,12,0.62,0.49,0.96,2
3932,12,0.84,0.8,0.96,2
3933,12,0.84,0.8,0.96,2
3934,12,0.84,0.8,0.96,2
3935,12,0.95,0.75,0.96,2
3936,12,0.95,0.75,0.96,2
3937,12,0.95,0.75,0.96,2
3938,12,0.9,0.86,0.97,2
3939,12,0.9,0.86,0.97,2
3940,12,0.9,0.86,0.97,2
3941,12,0.54,0.95,0.96,2
3942,12,0.54,0.95,0.96,2
3943,12,0.54,0.95,0.96,2
3944,12,0.54,0.95,0.96,2
3945,12,0.59,0.78,0.96,2
3946,12,0.59,0.78,0.96,2
3947,12,0.59,0.78,0.96,2
3948,12,0.65,0.87,0.96,2
3949,12,0.65,0.87,0.96,2
3950,12,0.65,0.87,0.96,2
3951,12,0.5,0.78,0.96,2
3952,12,0.5,0.78,0.96,2
3953,12,0.5,0.78,0.96,2
3954,12,0.46,0.28,0.63,2
3955,12,0.46,0.28,0.63,2
3956,12,0.46,0.28,0.63,2
3957,12,0.57,0.75,0.95,2
3958,12,0.57,0.75,0.95,2
3959,12,0.57,0.75,0.95,2
3960,12,0.99,0.99,0.75,2
3961,12,0.99,0.99,0.75,2
3962,12,0.99,0.99,0.75,2
3963,12,0.99,0.99,0.06,0
3964,12,0.99,0.99,0.06,0
3965,12,0.99,0.99,0.06,0
3966,12,0.86,0.99,0.02,0
3967,12,0.86,0.99,0.02,0
3968,12,0.86,0.99,0.02,0
3969,12,0.99,0.96,0.01,0
3970,12,0.99,0.96,0.01,0
3971,12,0.99,0.96,0.01,0
3972,12,0.77,0.86,0.05,0
3973,12,0.77,0.86,0.05,0
3974,12,0.77,0.86,0.05,0
3975,12,0.99,0.99,0.01,0
3976,12,0.99,0.99,0.01,0
3977,12,0.99,0.99,0.01,0
3978,12,0.99,0.99,0.01,0
3979,12,0.99,0.99,0.01,0
3980,12,0.99,0.99,0.01,0
3981,12,0.84,0.91,0.01,0
3982,12,0.84,0.91,0.01,0
3983,12,0.84,0.91,0.01,0
3984,12,0.85,0.83,0.03,0
3985,12,0.85,0.83,0.03,0
3986,12,0.85,0.83,0.03,0
3987,12,0.76,0.8,0.02,0
3988,12,0.76,0.8,0.02,0
3989,12,0.76,0.8,0.02,0
3990,12,0.8,0.81,0.02,0
3991,12,0.8,0.81,0.02,0
3992,12,0.8,0.81,0.02,0
3993,12,0.86,0.9,0.04,0
3994,12,0.86,0.9,0.04,0
3995,12,0.86,0.9,0.04,0
3996,12,0.76,0.99,0.02,0
3997,12,0.76,0.99,0.02,0
3998,12,0.76,0.99,0.02,0
3999,12,0.99,0.99,0.02,0
4000,12,0.99,0.99,0.02,0
4001,12,0.99,0.99,0.02,0
4002,12,0.76,0.99,0.01,0
4003,12,0.76,0.99,0.01,0
4004,12,0.76,0.99,0.01,0
4005,12,0.93,0.99,0.01,0
4006,12,0.93,0.99,0.01,0
4007,12,0.93,0.99,0.01,0
4008,12,0.99,0.99,0.03,0
4009,12,0.99,0.99,0.03,0
4010,12,0.99,0.99,0.03,0
4011,12,0.99,0.99,0.01,0
4012,12,0.99,0.99,0.01,0
4013,12,0.99,0.99,0.02,0
4014,12,0.99,0.99,0.02,0
4015,12,0.99,0.99,0.02,0
4016,12,0.99,0.99,0.02,0
4017,12,0.99,0.99,0.02,0
4018,12,0.99,0.99,0.02,0
4019,12,0.99,0.99,0.02,0
4020,12,0.99,0.99,0.02,0
4021,12,0.99,0.99,0.02,0
4022,12,0.99,0.99,0.01,0
4023,12,0.56,0.38,0.01,1
4024,12,0.75,0.87,0.04,1
4025,12,0.75,0.87,0.04,1
4026,12,0.75,0.87,0.04,1
4027,12,0.67,0.93,0.06,1
4028,12,0.67,0.93,0.06,1
4029,12,0.67,0.93,0.06,1
4030,12,0.69,0.8,0.03,1
4031,12,0.69,0.8,0.03,1
4032,12,0.69,0.8,0.03,1
4033,12,0.96,0.98,0.01,1
4034,12,0.96,0.98,0.01,1
4035,12,0.96,0.98,0.01,1
4036,12,0.99,0.89,0.08,1
4037,12,0.99,0.89,0.08,1
4038,12,0.99,0.89,0.08,1
4039,12,0.85,0.99,0.18,1
4040,12,0.85,0.99,0.18,1
4041,12,0.85,0.99,0.18,1
4042,12,0.99,0.99,0.03,1
4043,12,0.99,0.99,0.03,1
4044,12,0.99,0.99,0.03,1
4045,12,0.78,0.91,0.05,1
4046,12,0.78,0.91,0.05,1
4047,12,0.78,0.91,0.05,1
4048,12,0.71,0.92,0.04,1
4049,12,0.71,0.92,0.04,1
4050,12,0.71,0.92,0.04,1
4051,12,0.99,0.85,0.05,1
4052,12,0.99,0.85,0.05,1
4053,12,0.99,0.85,0.05,1
4054,12,0.78,0.99,0.05,1
4055,12,0.78,0.99,0.05,1
4056,12,0.78,0.99,0.05,1
4057,12,0.99,0.99,0.1,1
4058,12,0.99,0.99,0.1,1
4059,12,0.99,0.99,0.1,1
4060,12,0.99,0.99,0.1,1
4061,12,0.97,0.98,0.05,1
4062,12,0.97,0.98,0.05,1
4063,12,0.97,0.98,0.05,1
4064,12,0.94,0.99,0.06,1
4065,12,0.94,0.99,0.06,1
4066,12,0.94,0.99,0.06,1
4067,12,0.99,0.99,0.11,1
4068,12,0.99,0.99,0.11,1
4069,12,0.99,0.99,0.11,1
4070,12,0.99,0.99,0.1,1
4071,12,0.99,0.99,0.1,1
4072,12,0.99,0.99,0.1,1
4073,12,0.99,0.99,0.1,1
4074,12,0.99,0.99,0.04,1
4075,12,0.99,0.99,0.04,1
4076,12,0.99,0.99,0.04,1
4077,12,0.99,0.99,0.09,1
4078,12,0.99,0.99,0.09,1
4079,12,0.99,0.99,0.09,1
4080,12,0.99,0.99,0.09,1
4081,12,0.99,0.99,0.09,1
4082,12,0.99,0.99,0.09,1
4083,12,0.91,0.95,0.0,0
4084,12,1.0,1.0,0.0,0
4085,12,0.48,0.73,0.09,0
4086,12,0.48,0.73,0.09,0
4087,12,0.48,0.73,0.09,0
4088,12,0.48,0.73,0.09,0
4089,12,0.48,0.73,0.09,0
4090,12,0.48,0.73,0.09,0
4091,12,0.5,0.47,0.0,0
4092,12,0.5,0.47,0.0,0
4093,12,0.5,0.47,0.0,0
4094,12,0.5,0.47,0.0,0
4095,12,0.5,0.47,0.0,0
4096,12,0.5,0.47,0.0,0
4097,12,0.87,0.73,0.03,0
4098,12,0.87,0.73,0.03,0
4099,12,0.87,0.73,0.03,0
4100,12,0.99,0.99,0.03,0
4101,12,0.99,0.99,0.03,0
4102,12,0.99,0.99,0.03,0
4103,12,0.99,0.91,0.03,0
4104,12,0.99,0.91,0.03,0
4105,12,0.99,0.91,0.03,0
4106,12,0.75,0.99,0.01,0
4107,12,0.75,0.99,0.01,0
4108,12,0.92,0.99,0.0,0
4109,12,0.92,0.99,0.0,0
4110,12,0.92,0.99,0.0,0
4111,12,0.66,0.85,0.02,0
4112,12,0.66,0.85,0.02,0
4113,12,0.66,0.85,0.02,0
4114,12,0.99,0.99,0.01,0
4115,12,0.99,0.99,0.01,0
4116,12,0.99,0.99,0.01,0
4117,12,0.99,0.99,0.01,0
4118,12,0.99,0.99,0.01,0
4119,12,0.99,0.99,0.01,0
4120,12,0.99,0.99,0.01,0
4121,12,0.99,0.99,0.01,0
4122,12,0.99,0.99,0.01,0
4123,12,0.99,0.99,0.01,0
4124,12,0.99,0.99,0.01,0
4125,12,0.99,0.99,0.01,0
4126,12,0.99,0.99,0.01,0
4127,12,0.99,0.99,0.01,0
4128,12,0.99,0.99,0.01,0
4129,12,0.99,0.99,0.03,0
4130,12,0.99,0.99,0.03,0
4131,12,0.99,0.99,0.03,0
4132,12,0.99,0.97,0.01,0
4133,12,0.99,0.97,0.01,0
4134,12,0.99,0.9,0.03,0
4135,12,0.99,0.9,0.03,0
4136,12,0.99,0.9,0.03,0
4137,12,0.99,0.96,0.04,0
4138,12,0.99,0.96,0.04,0
4139,12,0.99,0.96,0.04,0
4140,12,0.99,0.99,0.01,0
4141,12,0.99,0.99,0.01,0
4142,12,0.99,0.99,0.01,0
4143,12,0.92,0.79,0.69,2
4144,12,0.92,0.79,0.69,2
4145,12,0.92,0.79,0.69,2
4146,12,0.59,0.86,0.91,2
4147,12,0.59,0.86,0.91,2
4148,12,0.59,0.86,0.91,2
4149,12,0.47,0.66,0.95,2
4150,12,0.47,0.66,0.95,2
4151,12,0.47,0.66,0.95,2
4152,12,0.48,0.62,0.95,2
4153,12,0.48,0.62,0.95,2
4154,12,0.48,0.62,0.95,2
4155,12,0.57,0.76,0.92,2
4156,12,0.57,0.76,0.92,2
4157,12,0.57,0.76,0.92,2
4158,12,0.47,0.59,0.95,2
4159,12,0.47,0.59,0.95,2
4160,12,0.47,0.59,0.95,2
4161,12,0.76,0.58,0.95,2
4162,12,0.76,0.58,0.95,2
4163,12,0.76,0.58,0.95,2
4164,12,0.76,0.77,0.96,2
4165,12,0.76,0.77,0.96,2
4166,12,0.76,0.77,0.96,2
4167,12,0.57,0.69,0.71,2
4168,12,0.57,0.69,0.71,2
4169,12,0.57,0.69,0.71,2
4170,12,0.66,0.72,0.95,2
4171,12,0.66,0.72,0.95,2
4172,12,0.66,0.72,0.95,2
4173,12,0.64,0.66,0.67,2
4174,12,0.64,0.66,0.67,2
4175,12,0.64,0.66,0.67,2
4176,12,0.46,0.5,0.95,2
4177,12,0.46,0.5,0.95,2
4178,12,0.46,0.5,0.95,2
4179,12,0.63,0.48,0.83,2
4180,12,0.63,0.48,0.83,2
4181,12,0.63,0.48,0.83,2
4182,12,0.31,0.51,0.95,2
4183,12,0.31,0.51,0.95,2
4184,12,0.31,0.51,0.95,2
4185,12,0.64,0.56,0.94,2
4186,12,0.64,0.56,0.94,2
4187,12,0.64,0.56,0.94,2
4188,12,0.61,0.51,0.42,2
4189,12,0.61,0.51,0.42,2
4190,12,0.61,0.51,0.42,2
4191,12,0.34,0.54,0.83,2
4192,12,0.34,0.54,0.83,2
4193,12,0.34,0.54,0.83,2
4194,12,0.53,0.46,0.71,2
4195,12,0.53,0.46,0.71,2
4196,12,0.53,0.46,0.71,2
4197,12,0.53,0.46,0.71,2
4198,12,0.33,0.44,0.74,2
4199,12,0.33,0.44,0.74,2
4200,12,0.33,0.44,0.74,2
4201,12,0.48,0.46,0.94,2
4202,12,0.48,0.46,0.94,2
4203,12,0.35,0.89,0.08,1
4204,12,0.02,0.02,0.1,1
4205,12,0.02,0.02,0.1,1
4206,12,0.02,0.02,0.1,1
4207,12,0.49,0.89,0.12,1
4208,12,0.49,0.89,0.12,1
4209,12,0.49,0.89,0.12,1
4210,12,0.56,0.7,0.06,1
4211,12,0.56,0.7,0.06,1
4212,12,0.56,0.7,0.06,1
4213,12,0.54,0.71,0.06,1
4214,12,0.54,0.71,0.06,1
4215,12,0.54,0.71,0.06,1
4216,12,0.38,0.71,0.07,1
4217,12,0.38,0.71,0.07,1
4218,12,0.38,0.71,0.07,1
4219,12,0.66,0.8,0.09,1
4220,12,0.66,0.8,0.09,1
4221,12,0.66,0.8,0.09,1
4222,12,0.54,0.84,0.06,1
4223,12,0.54,0.84,0.06,1
4224,12,0.54,0.84,0.06,1
4225,12,0.54,0.84,0.06,1
4226,12,0.66,0.89,0.06,1
4227,12,0.66,0.89,0.06,1
4228,12,0.66,0.89,0.06,1
4229,12,0.99,0.74,0.09,1
4230,12,0.99,0.74,0.09,1
4231,12,0.99,0.74,0.09,1
4232,12,0.3,0.34,0.07,1
4233,12,0.3,0.34,0.07,1
4234,12,0.3,0.34,0.07,1
4235,12,0.49,0.53,0.04,1
4236,12,0.49,0.53,0.04,1
4237,12,0.49,0.53,0.04,1
4238,12,0.91,0.99,0.12,1
4239,12,0.91,0.99,0.12,1
4240,12,0.91,0.99,0.12,1
4241,12,0.91,0.99,0.12,1
4242,12,0.99,0.99,0.17,1
4243,12,0.99,0.99,0.17,1
4244,12,0.99,0.99,0.09,1
4245,12,0.99,0.99,0.09,1
4246,12,0.99,0.99,0.09,1
4247,12,0.99,0.99,0.1,1
4248,12,0.99,0.99,0.1,1
4249,12,0.99,0.99,0.1,1
4250,12,0.99,0.99,0.1,1
4251,12,0.99,0.99,0.1,1
4252,12,0.99,0.99,0.1,1
4253,12,0.99,0.99,0.14,1
4254,12,0.99,0.99,0.14,1
4255,12,0.99,0.99,0.14,1
4256,12,0.98,0.99,0.08,1
4257,12,0.98,0.99,0.08,1
4258,12,0.98,0.99,0.08,1
4259,12,0.99,0.99,0.1,1
4260,12,0.99,0.99,0.1,1
4261,12,0.99,0.99,0.1,1
4262,12,0.94,0.99,0.11,1
4263,12,0.26,0.66,0.01,0
