user,rate_blink_left,rate_blink_right,rate_smile_or_not,feel
1,0.973896634376705,0.19037656593460237,0,2
1,0.5690246853228916,0.4693443632040345,0,2
1,0.8685246592090229,0.0838327039767354,0,2
1,0.6123224764600415,0.011763585350799664,0,2
1,0.6780984997565167,0.14667893031870072,0,2
1,0.9724714282731495,0.4647188111724712,0,2
1,0.9220723151917434,0.09827666896466662,0,2
1,0.7225685344167765,0.0302288348100312,0,2
1,0.48972450661477696,0.5596629699172377,0,2
1,0.10401062621744628,0.81149294480509,0,2
1,0.23814770395660548,0.7357918063694413,0,2
1,0.2981747112201477,0.6023693496159419,0,2
1,0.42590807374134104,0.614608109063635,0,2
1,0.278456494850211,0.6649186496411221,0,2
1,0.14356798867190115,0.8914135471468856,0,2
1,0.8602699877956567,0.15633698835479254,0,2
1,0.8459322057938128,0.18917102177809852,0,2
1,0.5550624054151607,0.2385923212296522,0,2
1,0.745494364803839,0.025523166505740384,0,2
1,0.8382967121741984,0.05525234708403569,0,2
1,0.7248359712241697,0.33830578115918647,0,2
1,0.9764339695149651,0.3352217843972937,0,2
1,0.8054623988129725,0.1939222379272815,0,2
1,0.7097219958359658,0.3698245941833566,0,2
1,0.8179930348865827,0.004664058035215241,0,2
1,0.7834047612259056,0.22708863980826566,0,2
1,0.9061979611446139,0.4578879157961679,0,2
1,0.5316023200169964,0.14492618327503493,0,2
1,0.5922385383216827,0.20014428261524592,0,2
1,0.7579709281792681,0.18254828447949062,0,2
1,0.9334763114384859,0.19563492443496788,0,2
1,0.9749589692256385,0.14137686420796927,0,2
1,0.7501222117871695,0.33684712405223,0,2
1,0.15277890323781096,0.9216649474607044,0,2
1,0.18210963183520026,0.6888206515793108,0,2
1,0.2267727106716392,0.6543307510615992,0,2
1,0.38165013048919494,0.5318020072104986,0,2
1,0.2346779875067038,0.6682788490595575,0,2
1,0.022564263477322193,0.527967509319486,0,2
1,0.3276853582099591,0.7750556220949144,0,2
1,0.034299062037821244,0.965655470912915,0,2
1,0.6825265901738593,0.41255234028395393,0,2
1,0.7574387783198723,0.1667658542240678,0,2
1,0.9144595640867152,0.43913081738494997,0,2
1,0.8505286203339054,0.13833625869820296,0,2
1,0.7254286524575575,0.2905687128097605,0,2
1,0.8452936794289627,0.2818631226583483,0,2
1,0.7708504591507714,0.11830013712035366,0,2
1,0.5227833052421967,0.38790336360160144,0,2
1,0.6498015873825298,0.44998011619987244,0,2
1,0.6366383578555077,0.2394928164694287,0,2
1,0.5139534614590333,0.05392383326380423,0,2
1,0.6783651539465312,0.36609812683026205,0,2
1,0.5252551940502881,0.17009864018928522,0,2
1,0.5540435278482988,0.25374492809476357,0,2
1,0.9330327181259762,0.11686855261176107,0,2
1,0.6324593768815674,0.3018419165670277,0,2
1,0.9130508468033399,0.007210418809741616,0,2
1,0.7064638009248766,0.08469219842139385,0,2
1,0.9961170084264473,0.09877169034365633,0,2
1,0.7092824703259513,0.3291884529937477,0,2
1,0.7924928186974356,0.294255811665437,0,2
1,0.6845204062759728,0.42683220867891836,0,2
1,0.620751127997928,0.20441209547532851,0,2
1,0.7130018932213221,0.19780326651881594,0,2
1,0.690601908071623,0.2502424366229992,0,2
1,0.5195401965035256,0.0016751247459602968,0,2
1,0.6135281153295017,0.1257428296796245,0,2
1,0.2987107702960509,0.8229516556537799,0,2
1,0.22559093607204778,0.759454500807884,0,2
1,0.1626933427861493,0.9178602483349043,0,2
1,0.09485008489159294,0.7681933296074533,0,2
1,0.3217672166032477,0.9863736012006761,0,2
1,0.3966588745891498,0.6623007293904718,0,2
1,0.12953706098325937,0.9327194133497553,0,2
1,0.0005227860957738328,0.8339976945618434,0,2
1,0.42188177610484445,0.9262379157611812,0,2
1,0.46869670977489797,0.97053266785808,0,2
1,0.0927921222336004,0.587960596850115,0,2
1,0.1095004714199676,0.6374840266904716,0,2
1,0.9237683814251394,0.2577355759112409,0,2
1,0.924725429798149,0.2963613776194193,0,2
1,0.6288758228313889,0.11644360663425622,0,2
1,0.9426699344215274,0.15754568789975607,0,2
1,0.7336021152385778,0.27110325579773914,0,2
1,0.5788080152831843,0.46542973061447623,0,2
1,0.8435351328642243,0.01641826701852932,0,2
1,0.7202293185198875,0.48711842379369763,0,2
1,0.9121504268523357,0.20208750014714308,0,2
1,0.7618933509530162,0.31455308079617667,0,2
1,0.8331326527234517,0.4788669357932641,0,2
1,0.882983830323237,0.170440376064578,0,2
1,0.6953444587924943,0.35059728539927987,0,2
1,0.9984271414857498,0.29755778263079236,0,2
1,0.4096723019683435,0.5370026367084398,0,2
1,0.3664495862604604,0.6834663025231856,0,2
1,0.2947944963222883,0.7938862810595589,0,2
1,0.07064869060108549,0.5143619379946905,0,2
1,0.047138803307642384,0.9401604572710425,0,2
1,0.2893762598078666,0.7439648970136877,0,2
1,0.2745081723760205,0.8995120701316126,0,2
1,0.09020340597016,0.5763088306811739,0,2
1,0.004222886395631655,0.5449862937301315,0,2
1,0.45740177837734713,0.8220642098789762,0,2
1,0.44449475687402673,0.9501454609888011,0,2
1,0.9584513948901348,0.35808427466570303,0,2
1,0.5410586153674061,0.21950402216243775,0,2
1,0.9903102889696871,0.05362566954204097,0,2
1,0.9331486946799782,0.09161159063656456,0,2
1,0.6385145580741726,0.3295820999372442,0,2
1,0,0,0.022601031729494174,2
1,0,0,0.1801476232811276,2
1,0,0,0.05995844102347815,2
1,0,0,0.18649833327718163,2
1,0,0,0.18434511668537115,2
1,0,0,0.03912126307649775,2
1,0,0,0.07217010270784575,2
1,0,0,0.028640356600361815,2
1,0,0,0.01744845603607871,2
1,0,0,0.12737804966078567,2
1,0,0,0.03500588311176434,2
1,0,0,0.14489487917374944,2
1,0,0,0.19853603497726852,2
1,0,0,0.12319678483339756,2
1,0,0,0.0718677924731565,2
1,0,0,0.08889627243786226,2
1,0,0,0.14756994805294854,2
1,0,0,0.21712276402322578,2
1,0,0,0.01525638335645583,2
1,0,0,0.23328400817916417,2
1,0,0,0.21809866920511858,2
1,0,0,0.08659179670969328,2
1,0,0,0.2065819798851081,2
1,0,0,0.035787815201520044,2
1,0,0,0.15013040836816377,2
1,0,0,0.1199049850849825,2
1,0,0,0.02281842410424005,2
1,0,0,0.0024095086743878722,2
1,0,0,0.8536515350617025,2
1,0,0,0.8818337656589975,2
1,0,0,0.5026036885807685,2
1,0,0,0.7232950609818514,2
1,0,0,0.969713801229535,2
1,0.7425815882582576,0.48568504080681174,0,2
1,0.9216278021122811,0.14362989022083308,0,2
1,0.9793636517739737,0.004312240186083944,0,2
1,0.8257735659153987,0.24239163813819628,0,2
1,0.5660084300654541,0.4816603440940193,0,2
1,0.8254193173417065,0.04392169987268163,0,2
1,0.5323010900361872,0.10691060950307997,0,2
1,0.5444661107012821,0.3414044940266128,0,2
1,0.6426721924808545,0.27486242300635316,0,2
1,0.7742014658067852,0.4200490926993747,0,2
1,0.8730401732887839,0.18024550922947247,0,2
1,0.5771011381235583,0.44855933958181654,0,2
1,0.6965461153189373,0.02816328605140883,0,2
1,0.9692169816664807,0.250388711303704,0,2
1,0.6096911652872128,0.05147971419789135,0,2
1,0.889205085788386,0.10366597080457558,0,2
1,0.6405784550110184,0.14148619724418,0,2
1,0.7702356792275652,0.40143958733307533,0,2
1,0.7104467223782516,0.08209915077669337,0,2
1,0.9957667118038788,0.009380519344946905,0,2
1,0.9791773594064095,0.47741022684371687,0,2
1,0.9277376024048494,0.07079059395827275,0,2
1,0.5219211722564038,0.2973310647864008,0,2
1,0.8332793164941292,0.47063658100362543,0,2
1,0.6931391657921621,0.1641935841897652,0,2
1,0.8067203253040565,0.03666384741593782,0,2
1,0.918270385931234,0.033867675076558204,0,2
1,0.8139721527162594,0.10704918427544197,0,2
1,0.6683601598979108,0.4205186333445246,0,2
1,0.9025257613474726,0.4525281698739641,0,2
1,0.7544300174691126,0.1611759581248514,0,2
1,0.7113506550260216,0.16065429941625606,0,2
1,0.850638737227872,0.44758397908954634,0,2
1,0.8471470159422715,0.03437009850713613,0,2
1,0.39362060349689154,0.6612589433209143,0,2
1,0.004945529880546604,0.8244679606332864,0,2
1,0.004233063024855428,0.7829159376360542,0,2
1,0.11985421344168241,0.5150448465169098,0,2
1,0.4260139013236925,0.6698025763403139,0,2
1,0.054520049052782266,0.8189411229476677,0,2
1,0.19447213018487886,0.8067212210848617,0,2
1,0.23020455472962065,0.7669743688775418,0,2
1,0.24102178621202522,0.9720611558133285,0,2
1,0.16007242002230543,0.6026924451544423,0,2
1,0.10986429045498149,0.9351367428569214,0,2
1,0.2548593599177339,0.7954053310605731,0,2
1,0.4187031017268029,0.9618819721888591,0,2
1,0.9226655501782184,0.3611767186024297,0,2
1,0.8336727468493201,0.42665129240778865,0,2
1,0.7282069169127364,0.3988221965457674,0,2
1,0.8778585417212256,0.4552691839501236,0,2
1,0.7594438707107736,0.30611716953849355,0,2
1,0.88071877369046,0.06589449802739603,0,2
1,0.977839027991597,0.48309223794479983,0,2
1,0.6701420962513331,0.20435571763416982,0,2
1,0.7231402015699804,0.42425797572964086,0,2
1,0.9205231617986335,0.471648939820844,0,2
1,0.999989084527847,0.17529616692498073,0,2
1,0.8859410799239297,0.13419706295472897,0,2
1,0.09411570173804167,0.8423411160887567,0,2
1,0.4751270278524589,0.6245086848085936,0,2
1,0.2249180173557247,0.942468594587814,0,2
1,0.0006936735943632754,0.9861380544062035,0,2
1,0.3625859701268185,0.540949989300318,0,2
1,0.021429430098315064,0.806726359455818,0,2
1,0.12542559676043863,0.8438147287475622,0,2
1,0.014926198566049582,0.516657558946919,0,2
1,0.2691134343377207,0.5126986827377336,0,2
1,0.3252359445397113,0.5665555886216703,0.13550566001337874,2
1,0,0,0.12307797519855475,2
1,0,0,0.14192497265685436,2
1,0,0,0.16289730125903626,2
1,0,0,0.04521846849129588,2
1,0,0,0.07984630986005493,2
1,0,0,0.06586224732639459,2
1,0,0,0.023566341617801783,2
1,0,0,0.13729204344657697,2
1,0,0,0.20975599346764198,2
1,0,0,0.12996196010155459,2
1,0,0,0.10669576475549172,2
1,0,0,0.16318598941225865,2
1,0,0,0.0034474513518515334,2
1,0,0,0.20543945842430208,2
1,0,0,0.15802612679042202,2
1,0,0,0.05415603723607233,2
1,0,0,0.13408887932320715,2
1,0.18575301315790183,0.5696766511495469,0,2
1,0.32130667938125684,0.8968208386331861,0,2
1,0.24442885880968468,0.8049230036467461,0,2
1,0.06456460880711581,0.6579190637961707,0,2
1,0.06155064606911715,0.5725825375719652,0,2
1,0.3947519262170479,0.9037051177914164,0,2
1,0.4650733588981666,0.9359612849786259,0,2
1,0.2976583555200094,0.6458002044552869,0,2
1,0.17781878390665695,0.9516310291613946,0,2
1,0.06734869187317939,0.7955966286601366,0,2
1,0.5434493222704003,0.15558719700495413,0,2
1,0.8397444163178764,0.31341384468550587,0,2
1,0.9849552493867139,0.423073032180724,0,2
1,0.9266966470697356,0.3171782675211067,0,2
1,0.2973404167645069,0.8495056168160059,0,2
1,0.054823100829156673,0.6706107287798228,0,2
1,0.3715829878473432,0.8559191099550318,0,2
1,0.004478340795683433,0.8686512451323449,0,2
1,0.05909259835075328,0.8924017195864121,0.12115759007746091,2
1,0,0,0.2326815555226628,2
1,0,0,0.07557057754932772,2
1,0,0,0.007739558872267977,2
1,0,0,0.2390679432104971,2
1,0.5139534614590333,0.05392383326380423,0,2
1,0.6783651539465312,0.36609812683026205,0,2
1,0.5252551940502881,0.17009864018928522,0,2
1,0.5540435278482988,0.25374492809476357,0,2
1,0.9330327181259762,0.11686855261176107,0,2
1,0.6324593768815674,0.3018419165670277,0,2
1,0.9130508468033399,0.007210418809741616,0,2
1,0.7064638009248766,0.08469219842139385,0,2
1,0.9961170084264473,0.09877169034365633,0,2
1,0.7092824703259513,0.3291884529937477,0,2
1,0.7924928186974356,0.294255811665437,0,2
1,0.6845204062759728,0.42683220867891836,0,2
1,0.620751127997928,0.20441209547532851,0,2
1,0.7130018932213221,0.19780326651881594,0,2
1,0.690601908071623,0.2502424366229992,0,2
1,0.5195401965035256,0.0016751247459602968,0,2
1,0.6135281153295017,0.1257428296796245,0,2
1,0.2987107702960509,0.8229516556537799,0,2
1,0.22559093607204778,0.759454500807884,0,2
1,0.1626933427861493,0.9178602483349043,0,2
1,0.09485008489159294,0.7681933296074533,0,2
1,0.3217672166032477,0.9863736012006761,0,2
1,0.3966588745891498,0.6623007293904718,0,2
1,0.12953706098325937,0.9327194133497553,0,2
1,0.0005227860957738328,0.8339976945618434,0,2
1,0.42188177610484445,0.9262379157611812,0,2
1,0.46869670977489797,0.97053266785808,0,2
1,0.0927921222336004,0.587960596850115,0,2
1,0.1095004714199676,0.6374840266904716,0,2
1,0.9237683814251394,0.2577355759112409,0,2
1,0.924725429798149,0.2963613776194193,0,2
1,0.6288758228313889,0.11644360663425622,0,2
1,0.9426699344215274,0.15754568789975607,0,2
1,0.7336021152385778,0.27110325579773914,0,2
1,0.5788080152831843,0.46542973061447623,0,2
1,0.8435351328642243,0.01641826701852932,0,2
1,0.7202293185198875,0.48711842379369763,0,2
1,0.9121504268523357,0.20208750014714308,0,2
1,0.7618933509530162,0.31455308079617667,0,2
1,0.8331326527234517,0.4788669357932641,0,2
1,0.882983830323237,0.170440376064578,0,2
1,0.6953444587924943,0.35059728539927987,0,2
1,0.9984271414857498,0.29755778263079236,0,2
1,0.4096723019683435,0.5370026367084398,0,2
1,0.3664495862604604,0.6834663025231856,0,2
1,0.2947944963222883,0.7938862810595589,0,2
1,0.07064869060108549,0.5143619379946905,0,2
1,0.047138803307642384,0.9401604572710425,0,2
1,0.2893762598078666,0.7439648970136877,0,2
1,0.2745081723760205,0.8995120701316126,0,2
1,0.09020340597016,0.5763088306811739,0,2
1,0.004222886395631655,0.5449862937301315,0,2
1,0.45740177837734713,0.8220642098789762,0,2
1,0.44449475687402673,0.9501454609888011,0,2
1,0.9584513948901348,0.35808427466570303,0,2
1,0.5410586153674061,0.21950402216243775,0,2
1,0.9903102889696871,0.05362566954204097,0,2
1,0.9331486946799782,0.09161159063656456,0,2
1,0.6385145580741726,0.3295820999372442,0,2
1,0,0,0.022601031729494174,2
1,0,0,0.1801476232811276,2
1,0,0,0.05995844102347815,2
1,0,0,0.18649833327718163,2
1,0,0,0.18434511668537115,2
1,0,0,0.03912126307649775,2
1,0,0,0.07217010270784575,2
1,0,0,0.028640356600361815,2
1,0,0,0.01744845603607871,2
1,0,0,0.12737804966078567,2
1,0,0,0.03500588311176434,2
1,0,0,0.14489487917374944,2
1,0,0,0.19853603497726852,2
1,0,0,0.12319678483339756,2
1,0,0,0.0718677924731565,2
1,0,0,0.08889627243786226,2
1,0,0,0.14756994805294854,2
1,0,0,0.21712276402322578,2
1,0,0,0.01525638335645583,2
1,0,0,0.23328400817916417,2
1,0,0,0.21809866920511858,2
1,0,0,0.08659179670969328,2
1,0,0,0.2065819798851081,2
1,0,0,0.035787815201520044,2
1,0,0,0.15013040836816377,2
1,0,0,0.1199049850849825,2
1,0,0,0.02281842410424005,2
1,0,0,0.0024095086743878722,2
1,0,0,0.8536515350617025,2
1,0,0,0.8818337656589975,2
1,0,0,0.5026036885807685,2
1,0,0,0.7232950609818514,2
1,0,0,0.969713801229535,2
1,0.7425815882582576,0.48568504080681174,0,2
1,0.9216278021122811,0.14362989022083308,0,2
1,0.9793636517739737,0.004312240186083944,0,2
1,0.8257735659153987,0.24239163813819628,0,2
1,0.5660084300654541,0.4816603440940193,0,2
1,0.8254193173417065,0.04392169987268163,0,2
1,0.5323010900361872,0.10691060950307997,0,2
1,0.5444661107012821,0.3414044940266128,0,2
1,0.6426721924808545,0.27486242300635316,0,2
1,0.7742014658067852,0.4200490926993747,0,2
1,0.8730401732887839,0.18024550922947247,0,2
1,0.5771011381235583,0.44855933958181654,0,2
1,0.6965461153189373,0.02816328605140883,0,2
1,0.9692169816664807,0.250388711303704,0,2
1,0.6096911652872128,0.05147971419789135,0,2
1,0.889205085788386,0.10366597080457558,0,2
1,0.6405784550110184,0.14148619724418,0,2
1,0.7702356792275652,0.40143958733307533,0,2
1,0.7104467223782516,0.08209915077669337,0,2
1,0.9957667118038788,0.009380519344946905,0,2
1,0.9791773594064095,0.47741022684371687,0,2
1,0.9277376024048494,0.07079059395827275,0,2
1,0.5219211722564038,0.2973310647864008,0,2
1,0.8332793164941292,0.47063658100362543,0,2
1,0.6931391657921621,0.1641935841897652,0,2
1,0.8067203253040565,0.03666384741593782,0,2
1,0.918270385931234,0.033867675076558204,0,2
1,0.8139721527162594,0.10704918427544197,0,2
1,0.6683601598979108,0.4205186333445246,0,2
1,0.9025257613474726,0.4525281698739641,0,2
1,0.7544300174691126,0.1611759581248514,0,2
1,0.7113506550260216,0.16065429941625606,0,2
1,0.850638737227872,0.44758397908954634,0,2
1,0.8471470159422715,0.03437009850713613,0,2
1,0.39362060349689154,0.6612589433209143,0,2
1,0.004945529880546604,0.8244679606332864,0,2
1,0.004233063024855428,0.7829159376360542,0,2
1,0.11985421344168241,0.5150448465169098,0,2
1,0.4260139013236925,0.6698025763403139,0,2
1,0.054520049052782266,0.8189411229476677,0,2
1,0.19447213018487886,0.8067212210848617,0,2
1,0.23020455472962065,0.7669743688775418,0,2
1,0.24102178621202522,0.9720611558133285,0,2
1,0.16007242002230543,0.6026924451544423,0,2
1,0.10986429045498149,0.9351367428569214,0,2
1,0.2548593599177339,0.7954053310605731,0,2
1,0.4187031017268029,0.9618819721888591,0,2
1,0.9226655501782184,0.3611767186024297,0,2
1,0.8336727468493201,0.42665129240778865,0,2
1,0.7282069169127364,0.3988221965457674,0,2
1,0.8778585417212256,0.4552691839501236,0,2
1,0.7594438707107736,0.30611716953849355,0,2
1,0.88071877369046,0.06589449802739603,0,2
1,0.977839027991597,0.48309223794479983,0,2
1,0.6701420962513331,0.20435571763416982,0,2
1,0.7231402015699804,0.42425797572964086,0,2
1,0.9205231617986335,0.471648939820844,0,2
1,0.999989084527847,0.17529616692498073,0,2
1,0.8859410799239297,0.13419706295472897,0,2
1,0.09411570173804167,0.8423411160887567,0,2
1,0.4751270278524589,0.6245086848085936,0,2
1,0.2249180173557247,0.942468594587814,0,2
1,0.0006936735943632754,0.9861380544062035,0,2
1,0.3625859701268185,0.540949989300318,0,2
1,0.021429430098315064,0.806726359455818,0,2
1,0.12542559676043863,0.8438147287475622,0,2
1,0.014926198566049582,0.516657558946919,0,2
1,0.2691134343377207,0.5126986827377336,0,2
1,0.3252359445397113,0.5665555886216703,0.13550566001337874,2
1,0,0,0.12307797519855475,2
1,0,0,0.14192497265685436,2
1,0,0,0.16289730125903626,2
1,0,0,0.04521846849129588,2
1,0,0,0.07984630986005493,2
1,0,0,0.06586224732639459,2
1,0,0,0.023566341617801783,2
1,0,0,0.13729204344657697,2
1,0,0,0.20975599346764198,2
1,0,0,0.12996196010155459,2
1,0,0,0.10669576475549172,2
1,0,0,0.16318598941225865,2
1,0,0,0.0034474513518515334,2
1,0,0,0.20543945842430208,2
1,0,0,0.15802612679042202,2
1,0,0,0.05415603723607233,2
1,0,0,0.13408887932320715,2
1,0.18575301315790183,0.5696766511495469,0,2
1,0.32130667938125684,0.8968208386331861,0,2
1,0.24442885880968468,0.8049230036467461,0,2
1,0.06456460880711581,0.6579190637961707,0,2
1,0.06155064606911715,0.5725825375719652,0,2
1,0.3947519262170479,0.9037051177914164,0,2
1,0.4650733588981666,0.9359612849786259,0,2
1,0.2976583555200094,0.6458002044552869,0,2
1,0.17781878390665695,0.9516310291613946,0,2
1,0.06734869187317939,0.7955966286601366,0,2
1,0.5434493222704003,0.15558719700495413,0,2
1,0.8397444163178764,0.31341384468550587,0,2
1,0.9849552493867139,0.423073032180724,0,2
1,0.9266966470697356,0.3171782675211067,0,2
1,0.2973404167645069,0.8495056168160059,0,2
1,0.054823100829156673,0.6706107287798228,0,2
1,0.3715829878473432,0.8559191099550318,0,2
1,0.004478340795683433,0.8686512451323449,0,2
1,0.05909259835075328,0.8924017195864121,0.12115759007746091,2
1,0,0,0.2326815555226628,2
1,0,0,0.07557057754932772,2
1,0,0,0.007739558872267977,2
1,0,0,0.2390679432104971,2
1,0.7301299283650792,0.28050915757597533,0,2
1,0.5139534614590333,0.05392383326380423,0,2
1,0.6783651539465312,0.36609812683026205,0,2
1,0.5252551940502881,0.17009864018928522,0,2
1,0.5540435278482988,0.25374492809476357,0,2
1,0.9330327181259762,0.11686855261176107,0,2
1,0.6324593768815674,0.3018419165670277,0,2
1,0.9130508468033399,0.007210418809741616,0,2
1,0.7064638009248766,0.08469219842139385,0,2
1,0.9961170084264473,0.09877169034365633,0,2
1,0.7092824703259513,0.3291884529937477,0,2
1,0.7924928186974356,0.294255811665437,0,2
1,0.6845204062759728,0.42683220867891836,0,2
1,0.620751127997928,0.20441209547532851,0,2
1,0.7130018932213221,0.19780326651881594,0,2
1,0.690601908071623,0.2502424366229992,0,2
1,0.5195401965035256,0.0016751247459602968,0,2
1,0.6135281153295017,0.1257428296796245,0,2
1,0.2987107702960509,0.8229516556537799,0,2
1,0.22559093607204778,0.759454500807884,0,2
1,0.1626933427861493,0.9178602483349043,0,2
1,0.09485008489159294,0.7681933296074533,0,2
1,0.3217672166032477,0.9863736012006761,0,2
1,0.3966588745891498,0.6623007293904718,0,2
1,0.12953706098325937,0.9327194133497553,0,2
1,0.0005227860957738328,0.8339976945618434,0,2
1,0.42188177610484445,0.9262379157611812,0,2
1,0.46869670977489797,0.97053266785808,0,2
1,0.0927921222336004,0.587960596850115,0,2
1,0.1095004714199676,0.6374840266904716,0,2
1,0.9237683814251394,0.2577355759112409,0,2
1,0.924725429798149,0.2963613776194193,0,2
1,0.6288758228313889,0.11644360663425622,0,2
1,0.9426699344215274,0.15754568789975607,0,2
1,0.7336021152385778,0.27110325579773914,0,2
1,0.5788080152831843,0.46542973061447623,0,2
1,0.8435351328642243,0.01641826701852932,0,2
1,0.7202293185198875,0.48711842379369763,0,2
1,0.9121504268523357,0.20208750014714308,0,2
1,0.7618933509530162,0.31455308079617667,0,2
1,0.8331326527234517,0.4788669357932641,0,2
1,0.882983830323237,0.170440376064578,0,2
1,0.6953444587924943,0.35059728539927987,0,2
1,0.9984271414857498,0.29755778263079236,0,2
1,0.4096723019683435,0.5370026367084398,0,2
1,0.3664495862604604,0.6834663025231856,0,2
1,0.2947944963222883,0.7938862810595589,0,2
1,0.07064869060108549,0.5143619379946905,0,2
1,0.047138803307642384,0.9401604572710425,0,2
1,0.2893762598078666,0.7439648970136877,0,2
1,0.2745081723760205,0.8995120701316126,0,2
1,0.09020340597016,0.5763088306811739,0,2
1,0.004222886395631655,0.5449862937301315,0,2
1,0.45740177837734713,0.8220642098789762,0,2
1,0.44449475687402673,0.9501454609888011,0,2
1,0.9584513948901348,0.35808427466570303,0,2
1,0.5410586153674061,0.21950402216243775,0,2
1,0.9903102889696871,0.05362566954204097,0,2
1,0.9331486946799782,0.09161159063656456,0,2
1,0.6385145580741726,0.3295820999372442,0,2
1,0,0,0.022601031729494174,2
1,0,0,0.1801476232811276,2
1,0,0,0.05995844102347815,2
1,0,0,0.18649833327718163,2
1,0,0,0.18434511668537115,2
1,0,0,0.03912126307649775,2
1,0,0,0.07217010270784575,2
1,0,0,0.028640356600361815,2
1,0,0,0.01744845603607871,2
1,0,0,0.12737804966078567,2
1,0,0,0.03500588311176434,2
1,0,0,0.14489487917374944,2
1,0,0,0.19853603497726852,2
1,0,0,0.12319678483339756,2
1,0,0,0.0718677924731565,2
1,0,0,0.08889627243786226,2
1,0,0,0.14756994805294854,2
1,0,0,0.21712276402322578,2
1,0,0,0.01525638335645583,2
1,0,0,0.23328400817916417,2
1,0,0,0.21809866920511858,2
1,0,0,0.08659179670969328,2
1,0,0,0.2065819798851081,2
1,0,0,0.035787815201520044,2
1,0,0,0.15013040836816377,2
1,0,0,0.1199049850849825,2
1,0,0,0.02281842410424005,2
1,0,0,0.0024095086743878722,2
1,0,0,0.8536515350617025,2
1,0,0,0.8818337656589975,2
1,0,0,0.5026036885807685,2
1,0,0,0.7232950609818514,2
1,0,0,0.969713801229535,2
1,0.7425815882582576,0.48568504080681174,0,2
1,0.9216278021122811,0.14362989022083308,0,2
1,0.9793636517739737,0.004312240186083944,0,2
1,0.8257735659153987,0.24239163813819628,0,2
1,0.5660084300654541,0.4816603440940193,0,2
1,0.8254193173417065,0.04392169987268163,0,2
1,0.5323010900361872,0.10691060950307997,0,2
1,0.5444661107012821,0.3414044940266128,0,2
1,0.6426721924808545,0.27486242300635316,0,2
1,0.7742014658067852,0.4200490926993747,0,2
1,0.8730401732887839,0.18024550922947247,0,2
1,0.5771011381235583,0.44855933958181654,0,2
1,0.6965461153189373,0.02816328605140883,0,2
1,0.9692169816664807,0.250388711303704,0,2
1,0.6096911652872128,0.05147971419789135,0,2
1,0.889205085788386,0.10366597080457558,0,2
1,0.6405784550110184,0.14148619724418,0,2
1,0.7702356792275652,0.40143958733307533,0,2
1,0.7104467223782516,0.08209915077669337,0,2
1,0.9957667118038788,0.009380519344946905,0,2
1,0.9791773594064095,0.47741022684371687,0,2
1,0.9277376024048494,0.07079059395827275,0,2
1,0.5219211722564038,0.2973310647864008,0,2
1,0.8332793164941292,0.47063658100362543,0,2
1,0.6931391657921621,0.1641935841897652,0,2
1,0.8067203253040565,0.03666384741593782,0,2
1,0.918270385931234,0.033867675076558204,0,2
1,0.8139721527162594,0.10704918427544197,0,2
1,0.6683601598979108,0.4205186333445246,0,2
1,0.9025257613474726,0.4525281698739641,0,2
1,0.7544300174691126,0.1611759581248514,0,2
1,0.7113506550260216,0.16065429941625606,0,2
1,0.850638737227872,0.44758397908954634,0,2
1,0.8471470159422715,0.03437009850713613,0,2
1,0.39362060349689154,0.6612589433209143,0,2
1,0.004945529880546604,0.8244679606332864,0,2
1,0.004233063024855428,0.7829159376360542,0,2
1,0.11985421344168241,0.5150448465169098,0,2
1,0.4260139013236925,0.6698025763403139,0,2
1,0.054520049052782266,0.8189411229476677,0,2
1,0.19447213018487886,0.8067212210848617,0,2
1,0.23020455472962065,0.7669743688775418,0,2
1,0.24102178621202522,0.9720611558133285,0,2
1,0.16007242002230543,0.6026924451544423,0,2
1,0.10986429045498149,0.9351367428569214,0,2
1,0.2548593599177339,0.7954053310605731,0,2
1,0.4187031017268029,0.9618819721888591,0,2
1,0.9226655501782184,0.3611767186024297,0,2
1,0.8336727468493201,0.42665129240778865,0,2
1,0.7282069169127364,0.3988221965457674,0,2
1,0.8778585417212256,0.4552691839501236,0,2
1,0.7594438707107736,0.30611716953849355,0,2
1,0.88071877369046,0.06589449802739603,0,2
1,0.977839027991597,0.48309223794479983,0,2
1,0.6701420962513331,0.20435571763416982,0,2
1,0.7231402015699804,0.42425797572964086,0,2
1,0.9205231617986335,0.471648939820844,0,2
1,0.999989084527847,0.17529616692498073,0,2
1,0.8859410799239297,0.13419706295472897,0,2
1,0.09411570173804167,0.8423411160887567,0,2
1,0.4751270278524589,0.6245086848085936,0,2
1,0.2249180173557247,0.942468594587814,0,2
1,0.0006936735943632754,0.9861380544062035,0,2
1,0.3625859701268185,0.540949989300318,0,2
1,0.021429430098315064,0.806726359455818,0,2
1,0.12542559676043863,0.8438147287475622,0,2
1,0.014926198566049582,0.516657558946919,0,2
1,0.2691134343377207,0.5126986827377336,0,2
1,0.3252359445397113,0.5665555886216703,0.13550566001337874,2
1,0,0,0.12307797519855475,2
1,0,0,0.14192497265685436,2
1,0,0,0.16289730125903626,2
1,0,0,0.04521846849129588,2
1,0,0,0.07984630986005493,2
1,0,0,0.06586224732639459,2
1,0,0,0.023566341617801783,2
1,0,0,0.13729204344657697,2
1,0,0,0.20975599346764198,2
1,0,0,0.12996196010155459,2
1,0,0,0.10669576475549172,2
1,0,0,0.16318598941225865,2
1,0,0,0.0034474513518515334,2
1,0,0,0.20543945842430208,2
1,0,0,0.15802612679042202,2
1,0,0,0.05415603723607233,2
1,0,0,0.13408887932320715,2
1,0.18575301315790183,0.5696766511495469,0,2
1,0.32130667938125684,0.8968208386331861,0,2
1,0.24442885880968468,0.8049230036467461,0,2
1,0.06456460880711581,0.6579190637961707,0,2
1,0.06155064606911715,0.5725825375719652,0,2
1,0.3947519262170479,0.9037051177914164,0,2
1,0.4650733588981666,0.9359612849786259,0,2
1,0.2976583555200094,0.6458002044552869,0,2
1,0.17781878390665695,0.9516310291613946,0,2
1,0.06734869187317939,0.7955966286601366,0,2
1,0.5434493222704003,0.15558719700495413,0,2
1,0.8397444163178764,0.31341384468550587,0,2
1,0.9849552493867139,0.423073032180724,0,2
1,0.9266966470697356,0.3171782675211067,0,2
1,0.2973404167645069,0.8495056168160059,0,2
1,0.054823100829156673,0.6706107287798228,0,2
1,0.3715829878473432,0.8559191099550318,0,2
1,0.004478340795683433,0.8686512451323449,0,2
1,0.05909259835075328,0.8924017195864121,0.12115759007746091,2
1,0,0,0.2326815555226628,2
1,0,0,0.07557057754932772,2
1,0,0,0.007739558872267977,2
1,0,0,0.2390679432104971,2
1,0.6680948185555672,0.11457142624074411,0,2
1,0.6202775773076229,0.15668841383092855,0,2
1,0.8653938370126325,0.05472650424608477,0,2
1,0.7305797131004573,0.44063943207379175,0,2
1,0.5745688808975022,0.07396553193856045,0,2
1,0.7220217840991828,0.17017508632017225,0,2
1,0.5869521957254497,0.40813679414517195,0,2
1,0.7628576679332011,0.3546618427564137,0,2
1,0.3183092750768438,0.7136459047426829,0,2
1,0.08900060721185904,0.8595059325208607,0,2
1,0.4609678610519047,0.737094602585449,0,2
1,0.25669355243441516,0.5019388779543296,0,2
1,0.4622836840709265,0.524253853791037,0,2
1,0.4496906842167581,0.8806720602169905,0,2
1,0.4339259356699168,0.7512434954882602,0,2
1,0.3509024190582157,0.6136561638450466,0,2
1,0.02205281351658041,0.7614960861147786,0,2
1,0.057309861075625114,0.8852411542467798,0,2
1,0.8681321929270057,0.35645113270099626,0,2
1,0.720009890515194,0.10747865681439449,0,2
1,0.8257027042983291,0.28195801107803664,0,2
1,0.6951213754474165,0.47720624233044895,0,2
1,0.8225443923101813,0.13496933590754898,0,2
1,0.9556810944825506,0.2702517659563563,0,2
1,0.95666299633848,0.2623344540612737,0,2
1,0.5364199019766634,0.09960843345288511,0,2
1,0.85352591002865,0.17977598363997713,0,2
1,0.8677072483619441,0.2596166757166163,0,2
1,0.35309446520164917,0.9058485539930473,0,2
1,0.14023149075085004,0.7575782184394494,0,2
1,0.25857441590481756,0.7401179326756844,0,2
1,0.1190332040937662,0.9055888206438296,0,2
1,0.0543265569848208,0.997834747263697,0,2
1,0.07250076951750259,0.54427379792441,0,2
1,0.2235217347482628,0.9621905869134683,0,2
1,0.23605872977227477,0.9229382112248032,0,2
1,0.01583428227172529,0.8935730148747489,0,2
1,0.08664810711181435,0.5368497258346333,0,2
1,0.050991540731737,0.8801941772469333,0,2
1,0.28672870309971865,0.9542740615828669,0,2
1,0.12154303163204923,0.5066122907644403,0,2
1,0.1168619319203098,0.9158738193829272,0,2
1,0.0991162798921273,0.9975578550086573,0,2
1,0.027611013102428025,0.5556653782492729,0,2
1,0.9945897492162117,0.409665335454502,0,2
1,0.3991611204882324,0.5108087995340472,0,2
1,0.32450505646381733,0.6188042653925226,0,2
1,0.13005168019201335,0.9788053096846525,0,2
1,0.2516343986693942,0.9935779921128293,0,2
1,0.12344878227843153,0.7671864181594543,0,2
1,0.34139504580617214,0.806333572943906,0,2
1,0.09593997367332559,0.9603844171921482,0,2
1,0.2530678650620499,0.695320561886599,0,2
1,0.39586566399588374,0.8660684686493532,0,2
1,0.22614848450464603,0.6982384699541698,0,2
1,0.11420963377307607,0.8636080403342083,0,2
1,0.13593019312657525,0.5338107058178995,0,2
1,0.2832858290610693,0.9360040338002438,0,2
1,0.0298690652906483,0.871057885409704,0,2
1,0.2382634375108339,0.6083580577177266,0,2
1,0.3421983758099498,0.7467517323138506,0,2
1,0.20290098630832012,0.5545003524390713,0,2
1,0.28015551484008877,0.6764228573357706,0,2
1,0.34638414992698874,0.8125613461668845,0,2
1,0.09450018875688067,0.9173744468200062,0,2
1,0.23253078136841868,0.9212306868948283,0,2
1,0.17267058292811274,0.883348480929314,0,2
1,0.6447054216970369,0.4018914869136985,0,2
1,0.7633644354539614,0.10191129992752586,0,2
1,0.6543284141681346,0.18330263051993637,0,2
1,0.9335787993909027,0.23546660441705514,0,2
1,0.7027609490887837,0.018934728620028315,0,2
1,0.7123754135009548,0.22220853618523329,0,2
1,0.6494488591648704,0.2921569062306241,0,2
1,0.7393090087680471,0.22836746775496766,0,2
1,0.3558966505785624,0.5564094688910337,0,2
1,0.04501040276577876,0.7623313377550596,0,2
1,0.15365410851724778,0.510269775648345,0,2
1,0.4803161773911622,0.7701016308023618,0,2
1,0.47778397714840243,0.9533741765938029,0,2
1,0.11889663547435728,0.8331896487521063,0,2
1,0.46823739196668596,0.8500064365761304,0,2
1,0.006425804083490691,0.8318306608341886,0,2
1,0.1329431205169352,0.927571191294332,0,2
1,0.08433712828302421,0.8600631739818643,0,2
1,0.34492426612867677,0.7225448776989952,0,2
1,0.08302307836316032,0.786664359510339,0,2
1,0.3079234455950192,0.6137538302194789,0,2
1,0.20637211427823446,0.9687888788013496,0,2
1,0.3998573887080625,0.7157909620107116,0,2
1,0.10107799550428379,0.5193269421197352,0,2
1,0.06240635517504693,0.5245977071492297,0,2
1,0.6229738354176685,0.3313761910720781,0,2
1,0.6000798635832689,0.32714718093900574,0,2
1,0.9476703298150034,0.3578306496141597,0,2
1,0.998318366459358,0.189429679470559,0,2
1,0.6207135853598474,0.1373932757628283,0,2
1,0.9192036710461187,0.3687807585887952,0,2
1,0.85510055351339,0.052265688308488184,0,2
1,0.970133098446472,0.15662470040917703,0,2
1,0.3807024857811959,0.9593336851471994,0,2
1,0.023877642458673517,0.5134614038843971,0,2
1,0.4063250214818248,0.7619208558663175,0,2
1,0.4519220822424337,0.5974881541906925,0,2
1,0.4867516342997034,0.9168952710047161,0,2
1,0.47869647786208314,0.9999634092120402,0,2
1,0.08460888080429518,0.9186293288436338,0,2
1,0.4220291355980411,0.6244675046882512,0,2
1,0.22172259482823747,0.5169023979806631,0,2
1,0.43852554770808083,0.8918262006463721,0,2
1,0.6927472047307055,0.14164765227942597,0,2
1,0.7121399334228471,0.04086372224355525,0,2
1,0.5976855761291552,0.21994703325373557,0,2
1,0.5372191700738062,0.34228228138332306,0,2
1,0.7534042372490278,0.22258905461901252,0,2
1,0.811321002143753,0.3906207749084818,0,2
1,0.890246302065759,0.23381636215244403,0,2
1,0.5373315148981387,0.058375021596888205,0,2
1,0.9096983241518749,0.28990399975525616,0,2
1,0.15650151029037015,0.6922171467822197,0,2
1,0.10465806645747193,0.7597249256340174,0,2
1,0.0815136773702193,0.6573641634535276,0,2
1,0.3536903856235371,0.8650562274961456,0,2
1,0.07759703094626805,0.5510229566794929,0,2
1,0.16002836721328215,0.7248824004128778,0,2
1,0.5446877504802454,0.12374894740667004,0,2
1,0.5629128233653136,0.4318053389736468,0,2
1,0.6741564030485178,0.46944167369013345,0,2
1,0.6552312801168912,0.39502721500661814,0,2
1,0.6139558189438887,0.37181185793859045,0,2
1,0.9167718990184852,0.31744520053195024,0,2
1,0.8521472747602824,0.18167941130899268,0,2
1,0.972650843452349,0.18587777844540346,0,2
1,0.9261699532351787,0.017544183566812227,0,2
1,0.5248078818465658,0.1001477241853607,0,2
1,0.817317227399735,0.28573756379182463,0,2
1,0.7819573503856986,0.03104212811007422,0,2
1,0.7172860037215171,0.015387891128435329,0,2
1,0.9513191441269563,0.17783336080371262,0,2
1,0.6475410954066502,0.4073143388429074,0,2
1,0.8930483909457886,0.10655695158108856,0,2
1,0.7476176959977345,0.3628375414089464,0,2
1,0.8495309986389606,0.2848760946789716,0,2
1,0.5577905713348879,0.35030456555343187,0,2
1,0.9355793447017452,0.06061662393257335,0,2
1,0.5096650865784177,0.22004898470291032,0,2
1,0.9844365464990957,0.3604759990959496,0,2
1,0.5151174217793182,0.33549129675464934,0,2
1,0.7117168146342994,0.32209976995973294,0,2
1,0.6035222386552586,0.03035311691203753,0,2
1,0.643611696463794,0.13202265292519702,0,2
1,0,0,0.3039441487829292,2
1,0,0,0.4558983886831732,2
1,0,0,0.3126321378326189,2
1,0,0,0.7366470468011863,2
1,0,0,0.8308552127039892,2
1,0,0,0.5594636434988913,2
1,0,0,0.5974291690805204,2
1,0,0,0.34172342048298254,2
1,0,0,0.6603203698935713,2
1,0,0,0.4683201959534284,2
1,0,0,0.9500120441780007,2
1,0,0,0.30104310410277596,2
1,0,0,0.940909847399516,2
1,0,0,0.44923614837768555,2
1,0,0,0.6641806565535747,2
1,0,0,0.5962404339526741,2
1,0,0,0.6280394330834279,2
1,0,0,0.5142113283823341,2
1,0,0,0.46355295968623655,2
1,0,0,0.29503266860554095,2
1,0.9103182538491474,0.47545335723411897,0,2
1,0.8251997532990835,0.2579603997911037,0,2
1,0.7908058973899278,0.06617500214081086,0,2
1,0.6700062932949675,0.10075020466072525,0,2
1,0.6811180417568543,0.3391855400780254,0,2
1,0.5042062987165464,0.08115104954456137,0,2
1,0.9308761787333663,0.3590384126725869,0,2
1,0.42485434971617375,0.5894104351464468,0,2
1,0.27985110901386395,0.8731954371537859,0,2
1,0.025548897728709243,0.5209527166189323,0,2
1,0.3041573913745516,0.5561252501309601,0,2
1,0.39839381101022026,0.822625932266906,0,2
1,0.21769555725455284,0.844155365123325,0,2
1,0.3822199918874876,0.6787921280580222,0,2
1,0.37181891052200855,0.5152233767108221,0,2
1,0.15543002044618362,0.8706649855893049,0,2
1,0.25762245128418315,0.5244289205962319,0,2
1,0.7989283884848102,0.15627547871166048,0,2
1,0.5418355677238993,0.07520074307091444,0,2
1,0.9256986842056746,0.10029753611869809,0,2
1,0.938387668641866,0.36056714279040397,0,2
1,0.8970609939580498,0.15452472550294086,0,2
1,0.6819649224236115,0.29507766847902456,0,2
1,0.17397174278720892,0.5098537645368191,0,2
1,0.764896340135998,0.19817072190303045,0,2
1,0.9291500354212073,0.34839992368951067,0,2
1,0.5367853203167021,0.03347963162643758,0,2
1,0.6610744476937567,0.17285162907024457,0,2
1,0.9072835328187256,0.16383164876131648,0,2
1,0.140231698848593,0.8127146250648608,0,2
1,0.11465506946560816,0.658922780927157,0,2
1,0.8887993989829507,0.3191229416448105,0,2
1,0.5019721491198537,0.16411608744537975,0,2
1,0.8433646339637358,0.04928890575496141,0,2
1,0.8354292075926527,0.28407291719294436,0,2
1,0.8873332633296308,0.4639990383661548,0,2
1,0.573579906043999,0.10174006234014363,0,2
1,0.6448484349183522,0.10754325680729374,0,2
1,0.8291670511256388,0.42655294650277986,0,2
1,0.9434611238821788,0.4692595098530973,0,2
1,0.5252546662252204,0.19434111946840008,0,2
1,0.6088587580985494,0.31800548749157254,0,2
1,0.7863982413016422,0.033844359079289205,0,2
1,0.7319020017165413,0.10896511667043107,0,2
1,0.703111435098173,0.40045844322036256,0,2
1,0.6770411684351441,0.3979940843911608,0,2
1,0.6321014953488239,0.13476723170150118,0,2
1,0.5927260703719351,0.12471163115060928,0,2
1,0.8141910990017784,0.15609668360585924,0,2
1,0.13969884749380743,0.9992568750304751,0,2
1,0.4088491299317378,0.7664424527998078,0,2
1,0.16671540320292724,0.7367758714457276,0,2
1,0.3597655702413473,0.7066716177078145,0,2
1,0.24375875235314276,0.5000416086923098,0,2
1,0.31155659765440696,0.6957235786463323,0,2
1,0.22943179083986634,0.9355101781171031,0,2
1,0.381542341811619,0.5021443875962143,0,2
1,0.032759812661846174,0.7761009059677464,0,2
1,0.2701528589171405,0.589171271164343,0,2
1,0.3670458947708553,0.8021284335163439,0,2
1,0.40397402706133945,0.7967767938094035,0,2
1,0.272267918578038,0.8456632259898691,0,2
1,0.9106092846703326,0.14174665653737795,0,2
1,0.9369913584893724,0.4251339391317088,0,2
1,0.5404274558055489,0.16455763003400253,0,2
1,0.9030736505517533,0.3765727147727524,0,2
1,0.881702882409386,0.3795862462995237,0,2
1,0.5829006095023899,0.13090450807125512,0,2
1,0.6305506427436709,0.2823121233582737,0,2
1,0.8313087462367841,0.17626672517787156,0,2
1,0.5977409189288173,0.28954408411292776,0,2
1,0.8217170098993635,0.14615412084517687,0,2
1,0.9749806407852546,0.15317378725747588,0,2
1,0.9079484004447992,0.40171423570962894,0,2
1,0.7315022061986761,0.08922561311156764,0,2
1,0.8905224253914131,0.33142647273348586,0,2
1,0.8641276216614878,0.0155476114408379,0,2
1,0.5569915279885771,0.052834562814287146,0,2
1,0.33087747133592527,0.8804374525525878,0,2
1,0.03237802085490503,0.6710981122122328,0,2
1,0.23870384089603655,0.830713896947301,0,2
1,0.3687834755666296,0.9692313765731276,0,2
1,0.2911624876027712,0.7584034134908433,0,2
1,0.2409426244520336,0.5014672256454151,0,2
1,0.10467969072169106,0.7959868688733848,0,2
1,0.1584392466695774,0.5142081127089699,0,2
1,0.7801051200186216,0.26592144805864465,0,2
1,0.9385451018279902,0.013537885756289109,0,2
1,0.6258463753686785,0.16614769106242458,0,2
1,0.7912094289315644,0.11750041063251447,0,2
1,0.9832908325471729,0.4663936605498441,0,2
1,0.8506704661236703,0.45652821685772904,0,2
1,0.7209886466618844,0.32001925073641907,0,2
1,0.2743079205581902,0.9043827643503526,0,2
1,0.199607677355636,0.9413153861467004,0,2
1,0.015025944525735994,0.9772719036913291,0,2
1,0.24942489180298127,0.8739099992042313,0,2
1,0.4290874426032305,0.8383335748937579,0,2
1,0.19525859257610492,0.8047258189471252,0,2
1,0.18202339190884093,0.6582051193368592,0,2
1,0.22223391172144993,0.7809552800395225,0,2
1,0.1623395734368214,0.7097422717746376,0,2
1,0.33719694226279734,0.9130471086249972,0,2
1,0.8646282802249867,0.450517319829102,0,2
1,0.7754426951209982,0.11003310252562679,0,2
1,0.7470025529454792,0.04948560597734744,0,2
1,0.7713862023769998,0.31904152157543464,0,2
1,0.5993748721682723,0.4660594486529565,0,2
1,0.6406843386754376,0.16953110187744488,0,2
1,0.8748964482145444,0.3531710037203818,0,2
1,0.6349371194271926,0.29332185954755546,0,2
1,0.1768942317933364,0.7190250205906029,0,2
1,0.32752759836461554,0.9074756298945693,0,2
1,0.48679503330562723,0.6767584561255736,0,2
1,0.39813209415007356,0.7179876942947669,0,2
1,0.3550024022223387,0.8019039520343857,0,2
1,0.19339989970496638,0.5429120485631699,0,2
1,0.3860326683698807,0.8402060256180549,0,2
1,0.4667545252592014,0.8429029385020996,0,2
1,0.4078982316902563,0.8372248168587906,0,2
1,0.7147867877188351,0.009291085479203058,0,2
1,0.5662704945377601,0.33054545502761445,0,2
1,0.9361584966116017,0.24666822912045208,0,2
1,0.7162201068890344,0.1265796626380456,0,2
1,0.5560333853404698,0.2877964286652705,0,2
1,0.9717001039677191,0.11560541297159017,0,2
1,0.5338042831910775,0.142769654998713,0,2
1,0.52310245453948,0.22764505880673533,0,2
1,0.4632421033940791,0.85878775997052,0,2
1,0.38260846370221996,0.6978938632193883,0,2
1,0.03314932689929706,0.9464631525158561,0,2
1,0.4419245341136908,0.58257363262597,0,2
1,0.12993434079175947,0.5285561089870651,0,2
1,0.15186717264021404,0.7482171800276151,0,2
1,0.4541285745003234,0.649630196531873,0,2
1,0.5141826094060242,0.36018937692646746,0,2
1,0.9531778824599026,0.09181997417360828,0,2
1,0.54827915466781,0.4427048168791364,0,2
1,0.7971927393289566,0.31081087763379034,0,2
1,0.5153770436166171,0.2411864685507571,0,2
1,0.8664022532776045,0.15505514526724673,0,2
1,0.5638200326829422,0.12284192164961438,0,2
1,0.5619329799584342,0.3240691703596756,0,2
1,0.7041691163848756,0.10033479127752847,0,2
1,0.878247912109676,0.172786063347785,0,2
1,0.7230416181090548,0.0620270642976183,0,2
1,0.7709233096187177,0.4091092217300326,0,2
1,0.7623403806268576,0.3249673153362173,0,2
1,0.7874048697521171,0.3605024877893507,0,2
1,0.28150388240816354,0.7015338714559574,0,2
1,0.34470285737260586,0.9209249918647816,0,2
1,0.406069410287915,0.8861450691658819,0,2
1,0.039007457160579184,0.6521946192283528,0,2
1,0.4373340369841909,0.8058308913092981,0,2
1,0.04286697322510937,0.8437972629090613,0,2
1,0.12779074195797696,0.5786644408670817,0,2
1,0.17551046433445075,0.6576818891565411,0,2
1,0.23480838817139207,0.5778678658608352,0,2
1,0.10385567969179402,0.9912361520095195,0,2
1,0.17479654415728937,0.9895432363015606,0,2
1,0.65030248787487,0.2027908764899689,0,2
1,0.6269937825563993,0.000007263126119607665,0,2
1,0.9815114593224399,0.1377275487037846,0,2
1,0.5726793908213187,0.4356912088679678,0,2
1,0.6230457129115947,0.03758361640616342,0,2
1,0.5925442948070156,0.14813380423226324,0,2
1,0.9078415296889247,0.3555699312678993,0,2
1,0.7557615091444837,0.4421809668963657,0,2
1,0.05657889380736441,0.517910238984234,0,2
1,0.11000396006199359,0.8465464418044121,0,2
1,0.106762534006818,0.9601811865689104,0,2
1,0.39064195231430265,0.6930115563614585,0,2
1,0.31895397470672116,0.8696643411586805,0,2
1,0.7378874141837605,0.362092923997772,0,2
1,0.9711278571990254,0.3139999838723247,0,2
1,0.5161727319063414,0.02449549595941532,0,2
1,0.5854239233879625,0.23611207142509139,0,2
1,0.33162760384606293,0.5415237445801246,0,2
1,0.12615826831950094,0.9663563226420214,0,2
1,0.2087730168293585,0.7763286115558927,0,2
1,0.036819296414508325,0.7451456793330025,0,2
1,0.17091939436001707,0.6672639575744239,0,2
1,0.40478700097946824,0.5182807483605354,0,2
1,0.4081846134629741,0.5138510309243525,0,2
1,0.47726273670141356,0.9180250181665247,0,2
1,0.9310828045171885,0.3868092210350881,0,2
1,0.9541493423439702,0.10100686656259122,0,2
1,0.9062236846402891,0.19015404361678173,0,2
1,0.6340058160453494,0.33974070185768224,0,2
1,0.5498474360396248,0.10848911789475256,0,2
1,0.6919819285524057,0.1438068452282102,0,2
1,0.39105537851722577,0.6294477118716125,0,2
1,0.26490112092996215,0.9540925853254691,0,2
1,0.15151009508885746,0.7967264322729133,0,2
1,0.47818807280493086,0.6575184120487496,0,2
1,0.9452283058960479,0.07346782911652272,0,2
1,0.7513130168003561,0.025499668234812287,0,2
1,0.8157345099865302,0.34316720712493737,0,2
1,0.7031222219609673,0.47938064164441135,0,2
1,0.9007111627676021,0.12102633536174498,0,2
1,0.585633145600246,0.2032040406204828,0,2
1,0.31241219747966,0.9982632221758445,0,2
1,0.36526966937073896,0.6658705415357943,0,2
1,0.1901116132768043,0.6752079011410337,0,2
1,0.09658236603365558,0.9194134480458696,0,2
1,0.4620034656917415,0.838883305898998,0,2
1,0.08136970316713153,0.9940055893934575,0,2
1,0.25918153121774556,0.720673450072127,0,2
1,0.13921118142294103,0.9980967224359194,0,2
1,0.20886624702149273,0.7296568739974444,0,2
1,0.4855005377210335,0.7702828642114957,0,2
1,0.8270649368312828,0.08453056819987467,0,2
1,0.6589613207174295,0.4174701089583732,0,2
1,0.8849894010126559,0.1072739602614497,0,2
1,0.7518513230164237,0.41814318290192165,0,2
1,0.8858864645053044,0.10103302568677604,0,2
1,0.7059435129752325,0.3421024832956783,0,2
1,0.6638075689601336,0.03193041474111309,0,2
1,0.9375275286178802,0.41819928957247504,0,2
1,0.025366880838480904,0.9207318634688048,0,2
1,0.2941354437164613,0.5169308036533742,0,2
1,0.40973752544103453,0.851155518371651,0,2
1,0.1904900200875392,0.5095000218033401,0,2
1,0.6869232206194208,0.21671243297909237,0,2
1,0.8532937537930232,0.3558605931647832,0,2
1,0.5590176048013028,0.3722772642512268,0,2
1,0.4144833892105142,0.538350642383544,0,2
1,0.152206574772317,0.685885065560624,0,2
1,0.39927606298148405,0.509993949612216,0,2
1,0.05534831241725731,0.9396403115341654,0,2
1,0.42831518374849886,0.5078854545279996,0,2
1,0.08839418989376933,0.5119755033565849,0,2
1,0.7152072983791306,0.26849997347958343,0,2
1,0.7013155724950635,0.3432869945832337,0,2
1,0.8943735058016793,0.06321288918742173,0,2
1,0.8469948259824819,0.18105308077118085,0,2
1,0.9341665835374661,0.06917039787895082,0,2
1,0.7515457437643113,0.3783825315392181,0,2
1,0.5485383401056522,0.0861541246915482,0,2
1,0.6101865983527387,0.1655029273920863,0,2
1,0.5029497714514826,0.07495046148417266,0,2
1,0.8345674571728883,0.3577604780370465,0,2
1,0.8834250452744481,0.2505488720628411,0,2
1,0.8260271001882549,0.14821260189628127,0,2
1,0.6980958431931654,0.43895859585445507,0,2
1,0.5356400274194963,0.09990666847473804,0,2
1,0.7805581957813631,0.46245237944681783,0,2
1,0.19480994655012476,0.5431795787628669,0,2
1,0.024820680805235727,0.7866160495383213,0,2
1,0.47392635236503006,0.5054843103084441,0,2
1,0.30313272235981664,0.5228113194839576,0,2
1,0.34781670865700975,0.7437648064959,0,2
1,0.38701288941289774,0.5928041143960044,0,2
1,0.33434315758730976,0.7617532062899539,0,2
1,0.34983762730237805,0.6506707574203311,0,2
1,0.36249615656875356,0.8975467147520005,0,2
1,0.270413462589592,0.5333045620326248,0,2
1,0.15159349842626108,0.6030593601756332,0,2
1,0.13757846006310556,0.8727738125293687,0,2
1,0.26012884663768904,0.6627736873676936,0,2
1,0.08042178138825958,0.5205634995029155,0,2
1,0.14521181747761666,0.6714099364382279,0,2
1,0.008062654692821084,0.9624571913892915,0,2
1,0.11871485729275628,0.8352125081027608,0,2
1,0.6211018452299865,0.01538157477059188,0,2
1,0.8278999408142046,0.2118546637703906,0,2
1,0.6735356199623924,0.37062075468181754,0,2
1,0.6005076588963246,0.41903570564023684,0,2
1,0.5583219224346595,0.01849208470925479,0,2
1,0.9530312367045908,0.03427792969671666,0,2
1,0.9150493553207595,0.36245386054633666,0,2
1,0.5758595603063141,0.16588077158715936,0,2
1,0.7156875888278031,0.4441967509982929,0,2
1,0.5741854422045337,0.2945790773063782,0,2
1,0.7908696007263362,0.43706326830806536,0,2
1,0.7091746704497192,0.34550637003294843,0,2
1,0.7004336916009435,0.16952627576947152,0,2
1,0.6914576624331887,0.3650228005921039,0,2
1,0.5781212347341684,0.4191197306948874,0,2
1,0.839384855272344,0.443586031314212,0,2
1,0.7806662232221487,0.031224113623394223,0,2
1,0.6123585340097613,0.3212273569968244,0,2
1,0.8520740443337699,0.35194356435376073,0,2
1,0.6375715275993019,0.07353038560747019,0,2
1,0.9701158212119609,0.005516993348166683,0,2
1,0.7487375378576904,0.22612883187760205,0,2
1,0.5514625406652395,0.4834507067584286,0,2
1,0.8818764139706016,0.2054268847798745,0,2
1,0.4352858830936164,0.7804513482866633,0,2
1,0.18689862823683637,0.5994779087311358,0,2
1,0.2924241700915541,0.653172859717044,0,2
1,0.09875571479685159,0.6670074132681738,0,2
1,0.32399927443478865,0.5264987781856268,0,2
1,0.17289942337625827,0.5196128947913251,0,2
1,0.34864284937524753,0.5511846213931744,0,2
1,0.3065933347449386,0.9490989377087574,0,2
1,0.10228726830756024,0.7391217847527978,0,2
1,0.3062173281522778,0.8987540217734938,0,2
1,0.18788007291261077,0.5760945485868633,0,2
1,0.08115101142894804,0.6581429962621171,0,2
1,0.03881361785571981,0.738084958937476,0,2
1,0.022152338750606803,0.6811647434596453,0,2
1,0.06772294075464379,0.9929547945559092,0,2
1,0.024513744226550956,0.5398765801029426,0,2
1,0.6113459281212086,0.18088517767198345,0,2
1,0.7246167055845522,0.1600282982661561,0,2
1,0.910962995857361,0.43026863204451876,0,2
1,0.9691191234793578,0.36843937199528404,0,2
1,0.708317899857215,0.4800325211604697,0,2
1,0.6065551135238644,0.2383997471387908,0,2
1,0.6502783878862194,0.2695042853843903,0,2
1,0.8192130600460477,0.34910421449931006,0,2
1,0.8093393114709629,0.32672663617885733,0,2
1,0.8702152050171476,0.16705675740028575,0,2
1,0.6133298793075144,0.405256467320562,0,2
1,0.5404325422085816,0.020585009398019806,0,2
1,0.7536805036933003,0.05423099198087324,0,2
1,0.5038341519979158,0.2888065700034679,0,2
1,0.7689161870310156,0.4097422717302871,0,2
1,0.6342924774981469,0.005367847092942672,0,2
1,0.9863192302722665,0.28376177891037185,0,2
1,0.61051096803092,0.04640096981487166,0,2
1,0.791290845225227,0.3270956830373934,0,2
1,0.7063856009670249,0.4473834960517259,0,2
1,0.8558124719588076,0.1567151306226613,0,2
1,0.5962567653059205,0.09236844443926637,0,2
1,0.8081960014383279,0.04899170533790723,0,2
1,0.8964496504573031,0.4020710354967995,0,2
1,0.9535508682390827,0.1736245766452849,0,2
1,0.5718601217948268,0.48104896071059045,0,2
1,0.6496850581982687,0.4316166148172106,0,2
1,0.7872118355748745,0.3588770796691153,0,2
1,0.8294065888621106,0.09188739780025326,0,2
1,0.5844514747048292,0.28559611651088607,0,2
1,0.7645163490879835,0.03658038537548332,0,2
1,0.6522526579743597,0.12899165552222194,0,2
1,0.789247402252504,0.16858891545593574,0,2
1,0.8715712429207042,0.4634149549720579,0,2
1,0.8695443602606805,0.03071958255854801,0,2
1,0.7943318602553504,0.10980138506856976,0,2
1,0.7320986455734746,0.23063779746270496,0,2
1,0.7939578477035144,0.13704745310894645,0,2
1,0.6922309825988209,0.27979410796012816,0,2
1,0.8222318569157381,0.4459982821964426,0,2
1,0.761862801124303,0.1861205122646931,0,2
1,0.7566631190480088,0.19768739341674896,0,2
1,0.7761015083491896,0.32259748144715084,0,2
1,0.9075126768474865,0.39711496464535123,0,2
1,0.7981450877657352,0.2721901249107678,0,2
1,0.8611079604602165,0.3136367115682266,0,2
1,0.9700387846445239,0.20749311679675905,0,2
1,0.9527293201264361,0.42687761741665003,0,2
1,0.9696292311708699,0.4485206205965926,0,2
1,0.5823825178027696,0.14844422873104252,0,2
1,0.9020542743665251,0.2619214174746674,0,2
1,0.8475556015923273,0.22276433744341198,0,2
1,0.528683145499366,0.12387242499888765,0,2
1,0.9126962637740715,0.3226829775594143,0,2
1,0.3729510391161415,0.8791749991534324,0,2
1,0.03138853710848938,0.776224389886052,0,2
1,0.41731214235702646,0.528762236180954,0,2
1,0.43605152162403304,0.9211260049696228,0,2
1,0.1501229647563296,0.8732642657253987,0,2
1,0.2087167504438765,0.656815565892849,0,2
1,0.04304096164228646,0.6400495460137953,0,2
1,0.5131393481756837,0.11457403003710886,0,2
1,0.5218864498223797,0.26552028539186123,0,2
1,0.991146116233383,0.4435063234056885,0,2
1,0.792807827504751,0.3510671415540484,0,2
1,0.8807149404984759,0.28977980891053634,0,2
1,0.9739420477596957,0.3481589385575106,0,2
1,0.9151598391276179,0.06801154740287484,0,2
1,0.7025150788006745,0.1592612788280087,0,2
1,0.685709382696515,0.33576592800147037,0,2
1,0.7970834567630369,0.32082210546274115,0,2
1,0.7232527505142925,0.3398725555195111,0,2
1,0.7657582230066657,0.22846685992505295,0,2
1,0.8894214088434845,0.24504971976324558,0,2
1,0.7979255389036278,0.1381021201455946,0,2
1,0.6678594875955554,0.16027138247513226,0,2
1,0.6959610677119394,0.3195551801990444,0,2
1,0.8590338129752081,0.06373504740059906,0,2
1,0.9621020822777202,0.09188946402784595,0,2
1,0.9736847087984412,0.41265131217002116,0,2
1,0.7896567680054387,0.1457969451014529,0,2
1,0.6955992667244983,0.38660232466087674,0,2
1,0.9674568457796188,0.36399192794421675,0,2
1,0.6226342663031998,0.14358107423836508,0,2
1,0.6896604659589194,0.1627124131434193,0,2
1,0.693351644614629,0.1064226830374137,0,2
1,0.6229201274420771,0.24882091084278168,0,2
1,0.5304049370119979,0.3540879352361978,0,2
1,0.6439207422647641,0.33221255983962417,0,2
1,0.6616556004268017,0.2507808342477325,0,2
1,0.7420174282718159,0.08447633731977368,0,2
1,0.9635253107229509,0.22880905110856598,0,2
1,0.8766604572767557,0.05055511081416131,0,2
1,0.5272653246150031,0.3226970725143977,0,2
1,0.9289823914872133,0.3791620714535056,0,2
1,0.7774280389967257,0.1159977739943143,0,2
1,0.9557130485161737,0.31337990010171224,0,2
1,0.9091754056065683,0.10423082926883924,0,2
1,0.9021423516761877,0.13936725523332863,0,2
1,0.8323733990968977,0.46165908086257873,0,2
1,0.5596350565696278,0.027020483742661586,0,2
1,0.6747867715772657,0.3119738103683271,0,2
1,0.9772875790268729,0.06971469956591857,0,2
1,0.5108842831048841,0.3959951664680888,0,2
1,0.6581178586585764,0.13950916303398458,0,2
1,0.7501743377460788,0.17491778032207578,0,2
1,0.5257999330871241,0.3138189772315463,0,2
1,0.5615807444888529,0.47431164667186915,0,2
1,0.6118916653422157,0.20206722895210066,0,2
1,0.5793294898731989,0.2754740218422094,0,2
1,0.644228523897353,0.33416296116164557,0,2
1,0.5707256047001298,0.021428547527849336,0,2
1,0.5735585539095295,0.23009392802490394,0,2
1,0.8667075799948142,0.13341472164561727,0,2
1,0.9998273589831245,0.339404906757386,0,2
1,0.6507284417313577,0.4818121178773663,0,2
1,0.6873901681406843,0.31847468276698343,0,2
1,0.8778639751652064,0.27879256912717487,0,2
1,0.5134240172465745,0.469963355580917,0,2
1,0.7407558884992228,0.204399488004498,0,2
1,0.8670255403310602,0.3776697668527539,0,2
1,0.9164296216159767,0.29233627438821547,0,2
1,0.9774968136427914,0.3513248982585427,0,2
1,0.8923184298063953,0.005193873102309432,0,2
1,0.9667784742914397,0.3158958642554522,0,2
1,0.7583613941292555,0.22829070452922742,0,2
1,0.5414609236379391,0.4488262383055403,0,2
1,0.5237580953128592,0.317322304563545,0,2
1,0.9117443126164545,0.30193409645572844,0,2
1,0.739793160676824,0.48978990093232544,0,2
1,0.6787875395281844,0.4221018038144991,0,2
1,0.5203128257920697,0.09775983264657705,0,2
1,0.9837953191428828,0.011164959882019996,0,2
1,0.8631579511659266,0.3398190505099726,0,2
1,0.50686496428535,0.4880728743871653,0,2
1,0.9052121225523095,0.29463266501801055,0,2
1,0.45130629241649395,0.6899004562483598,0,2
1,0.020843667421184976,0.9685159121255732,0,2
1,0.023536585297780147,0.8815334095810113,0,2
1,0.10198203749963779,0.9181909947755161,0,2
1,0.2310917005643551,0.8314210202654948,0,2
1,0.18763997287496179,0.810254266214363,0,2
1,0.34594166624395134,0.7363468918458252,0,2
1,0.3595858568297478,0.6170976451877729,0,2
1,0.3588915211368919,0.8187863304579092,0,2
1,0.3535706041073348,0.6605728774754841,0,2
1,0.22870083317255585,0.8323004587412718,0,2
1,0.36987619451243947,0.639904904362688,0,2
1,0.3128864179927786,0.9685546877219513,0,2
1,0.3999001854414712,0.6790997625023111,0,2
1,0.10532584178372523,0.632232521410353,0,2
1,0.5745679376429137,0.23478642582301448,0,2
1,0.5126115866026267,0.3137283147328482,0,2
1,0.7921412593755164,0.29063765232754,0,2
1,0.2000367267977094,0.9923956780090811,0,2
1,0.06092215585407755,0.9333712630629016,0,2
1,0.0799861528311363,0.9209372725422027,0,2
1,0.04385033347567338,0.8679905223596824,0,2
1,0.32459130266841324,0.720463186427609,0,2
1,0.02193216509842758,0.9753800328547861,0,2
1,0.42815687396565394,0.9558417663426674,0,2
1,0.6014580439743276,0.33009852256997974,0,2
1,0.5314438690360749,0.09936204714464042,0,2
1,0.9687373216600359,0.19471763358443625,0,2
1,0.704092965552252,0.26364939837701684,0,2
1,0.1175184485159065,0.8397687093548383,0,2
1,0.38232607923745976,0.9972782371101673,0,2
1,0.07347907952987331,0.5068436761633268,0,2
1,0.2242614062908546,0.9272844105458403,0,2
1,0.25931506988170056,0.9042608668603811,0,2
1,0.027699361153280644,0.9039098360586614,0,2
1,0.4409634641165977,0.9626689597206127,0,2
1,0.02210032111302544,0.6382480983750517,0,2
1,0.5973523229216813,0.40597476862514764,0,2
1,0.7179306634991184,0.038891393226679144,0,2
1,0.5971609072203901,0.4282533019379484,0,2
1,0.7023182384795462,0.08871895721502564,0,2
1,0.8317389840001702,0.09735676255871274,0,2
1,0.39161681972721013,0.8994738844534789,0,2
1,0.15525059184741932,0.7308653547292544,0,2
1,0.2965912746927135,0.5622457844737015,0,2
1,0.47307680770200583,0.6521892317924536,0,2
1,0.04351613942290554,0.5342637470587916,0,2
1,0.4281747439402649,0.8314140975244758,0,2
1,0.48196805940580234,0.5580263923026384,0,2
1,0.6060238895225706,0.37606616623962563,0,2
1,0.8152307210939675,0.13929995128379827,0,2
1,0.6344496348647188,0.3353783975171348,0,2
1,0.6655989267588116,0.31517018162203003,0,2
1,0.35916012943652703,0.9479274251896477,0,2
1,0.4497752442700729,0.7974393280031375,0,2
1,0.17645591772408803,0.6206634203483128,0,2
1,0.23879970519597438,0.740604623973763,0,2
1,0.24771206508941437,0.7408970915619429,0,2
1,0.8107831725439912,0.1901999865736985,0,2
1,0.9212959355858623,0.11850398303222916,0,2
1,0.6660092423849868,0.2396677007892002,0,2
1,0.5226298645748795,0.13245508904020148,0,2
1,0.7940507142092192,0.02149606501085239,0,2
1,0.6486907068082146,0.21240094398556972,0,2
1,0.3188808073776261,0.5099932035399075,0,2
1,0.4495676741491547,0.6484678915190676,0,2
1,0.5664054001163197,0.3145000840058028,0,2
1,0.5899407602505524,0.3316570705032057,0,2
1,0.501750500488743,0.19382119662474448,0,2
1,0.8314103906761455,0.24035638992060332,0,2
1,0.10366782960702708,0.7695794811460076,0,2
1,0.45949980610079194,0.5006748100129057,0,2
1,0.26065909318052594,0.5451267536407189,0,2
1,0.33897917235154224,0.6917092114044058,0,2
1,0.3314924027103609,0.8321125725319377,0,2
1,0.005761872670218668,0.942168503382613,0,2
1,0.5208435700134288,0.01048505564076987,0,2
1,0.8214703377341367,0.09897857504017418,0,2
1,0.9570883986065497,0.07110754401555193,0,2
1,0.6532421679067351,0.05656011066801269,0,2
1,0.8757572651874772,0.4501499184806415,0,2
1,0.6516587216327288,0.1925433665898119,0,2
1,0.5105630948118982,0.4716351361449372,0,2
1,0.3007062229140894,0.9155302688900818,0,2
1,0.2804166618833663,0.7765590807020009,0,2
1,0.36519924328785747,0.6085283714511358,0,2
1,0.1845161778588231,0.5539913192931875,0,2
1,0.42296564637245415,0.7661179740693295,0,2
1,0.048718905193045954,0.5424709035422248,0,2
1,0.24017298977142532,0.5974726792242673,0,2
1,0.18773643380056088,0.5985560425046126,0,2
1,0.27931957899302373,0.7495919534655119,0,2
1,0.5483629007101833,0.043857399384185966,0,2
1,0.631588147292384,0.09199439403089724,0,2
1,0.7487905956396101,0.12296975974007071,0,2
1,0.5817191949515761,0.1694948087870176,0,2
1,0.9945769575261357,0.3893694136689593,0,2
1,0.6832381833415564,0.38142037326544254,0,2
1,0.6258184670006693,0.35028069433128645,0,2
1,0.4618860141526465,0.5255879246689819,0,2
1,0.1373489217103034,0.9813467128178428,0,2
1,0.0024186660372152824,0.6328424654034647,0,2
1,0.28971776503165697,0.7185904471494632,0,2
1,0.216648849563421,0.7153033285215653,0,2
1,0.09969507745620783,0.6533901563845415,0,2
1,0.39591491262833994,0.8828099793542137,0,2
1,0.7950369042032298,0.05576715161567318,0,2
1,0.6171410952328416,0.18203370673851063,0,2
1,0.6236202647810677,0.4584343207739734,0,2
1,0.5734445191814409,0.02447181301024998,0,2
1,0.6265284183657045,0.03630545279493555,0,2
1,0.532211916249644,0.0006508323095311019,0,2
1,0.21329287922626436,0.9292924095972467,0,2
1,0.051882411969527524,0.6537457066518609,0,2
1,0.4438452458116767,0.7479406173175802,0,2
1,0.4574535001164085,0.8962480002160691,0,2
1,0.1326759220791226,0.6299352619026494,0,2
1,0.30894500289083554,0.6728150856351046,0,2
1,0.8959810786245621,0.40220443871642103,0,2
1,0.9476647302609391,0.19607857210386465,0,2
1,0.7361648659848503,0.08996496124313445,0,2
1,0.9746838363012519,0.007449163712550124,0,2
1,0.5131648246210665,0.06255592243973108,0,2
1,0.556437312466654,0.008787934504143962,0,2
1,0.8143767258744993,0.13745316403054667,0,2
1,0.6438108465067968,0.43770901924702416,0,2
1,0.48598481420128326,0.6411648875555267,0,2
1,0.45189244750500723,0.7581350193672018,0,2
1,0.4324336316620261,0.8936385765931423,0,2
1,0.4600615843863924,0.6725926196439708,0,2
1,0.25099231513100484,0.5116688084989437,0,2
1,0.560143491514198,0.0007788069828202615,0,2
1,0.8944450679748337,0.13084577819353807,0,2
1,0.7590445842280189,0.3489026430537527,0,2
1,0.6508984862948035,0.19650147830812847,0,2
1,0.7445779154960909,0.0871210303589208,0,2
1,0.185142318539614,0.8995407627424153,0,2
1,0.4749538511254496,0.5498881365399022,0,2
1,0.3727486372330087,0.7674608891064244,0,2
1,0.11103639447323106,0.7177533367297829,0,2
1,0.19853916511139988,0.67494794019941,0,2
1,0.13564336996461268,0.918611580617629,0,2
1,0.37484297286512963,0.7362147542712657,0,2
1,0.4662159142250762,0.5252593958402122,0,2
1,0.17220725641805168,0.7523195340321503,0,2
1,0.05931017862617522,0.775568474698851,0,2
1,0.4462854777349411,0.8121113324585151,0,2
1,0.22838361220283718,0.6314979177110336,0,2
1,0.01887614526427126,0.5132837144066978,0,2
1,0.23170977098663798,0.9863931829722696,0,2
1,0.1469186821759359,0.7414379355389149,0,2
1,0.7000720336528484,0.2861272941015417,0,2
1,0.9303690589221923,0.06698587264193955,0,2
1,0.9390005872107038,0.004591271325480888,0,2
1,0.7702988145244667,0.2543306432629842,0,2
1,0.5880540489644351,0.39361044135157924,0,2
1,0.987986328339721,0.17927862571267225,0,2
1,0.5337363224866449,0.04753225542172691,0,2
1,0.5033661707934424,0.39145318383960037,0,2
1,0.05554839778193589,0.727279730128719,0,2
1,0.3095748630620164,0.6129485362180604,0,2
1,0.6710167970325326,0.2502771371592598,0,2
1,0.6497840954712569,0.4852651538562432,0,2
1,0.9205931935360271,0.21507406473741578,0,2
1,0.22573116633602422,0.860781680736447,0,2
1,0.3502824606364354,0.9940224885671702,0,2
1,0.4673596057846663,0.5145208808266588,0,2
1,0.4168548552803284,0.7567032697643742,0,2
1,0.4714001894031222,0.6573900666421089,0,2
1,0.23425519329398506,0.9098543603554663,0,2
1,0.8602815479482768,0.4737808747003839,0,2
1,0.8656707113203644,0.38664909322289315,0,2
1,0.7371588607849602,0.2790116481839005,0,2
1,0.6933961107069425,0.20468050931563922,0,2
1,0.9477525264098018,0.4573038931103951,0,2
1,0.8459320797492339,0.3528910819808729,0,2
1,0.34394793274208707,0.6818195361604396,0,2
1,0.43633257637779643,0.5305168873146587,0,2
1,0.2757087060562946,0.7952593007149679,0,2
1,0.1696676357298275,0.6140257987238517,0,2
1,0.2239639953571705,0.6460310185925568,0,2
1,0.14889128807834665,0.5072116841763475,0,2
1,0.22998792875586252,0.5037284224706157,0,2
1,0.36724028711078366,0.6062295492324883,0,2
1,0.03891994225900515,0.7837417389351542,0,2
1,0.7004619296941106,0.3787775833905475,0,2
1,0.6996741322186429,0.008584888226881455,0,2
1,0.6302728897623855,0.09633918429874855,0,2
1,0.5081032571173967,0.07970747507813276,0,2
1,0.605607583667311,0.3314331048087194,0,2
1,0.8940248822469804,0.11596153912386165,0,2
1,0.049271325434633015,0.9644588643779104,0,2
1,0.27630517194194976,0.9279791279781363,0,2
1,0.2213251964523466,0.5518508255882622,0,2
1,0.739793160676824,0.48978990093232544,0,2
1,0.6787875395281844,0.4221018038144991,0,2
1,0.5203128257920697,0.09775983264657705,0,2
1,0.9837953191428828,0.011164959882019996,0,2
1,0.8631579511659266,0.3398190505099726,0,2
1,0.50686496428535,0.4880728743871653,0,2
1,0.9052121225523095,0.29463266501801055,0,2
1,0.45130629241649395,0.6899004562483598,0,2
1,0.020843667421184976,0.9685159121255732,0,2
1,0.023536585297780147,0.8815334095810113,0,2
1,0.10198203749963779,0.9181909947755161,0,2
1,0.2310917005643551,0.8314210202654948,0,2
1,0.18763997287496179,0.810254266214363,0,2
1,0.34594166624395134,0.7363468918458252,0,2
1,0.3595858568297478,0.6170976451877729,0,2
1,0.3588915211368919,0.8187863304579092,0,2
1,0.3535706041073348,0.6605728774754841,0,2
1,0.22870083317255585,0.8323004587412718,0,2
1,0.36987619451243947,0.639904904362688,0,2
1,0.3128864179927786,0.9685546877219513,0,2
1,0.3999001854414712,0.6790997625023111,0,2
1,0.10532584178372523,0.632232521410353,0,2
1,0.5745679376429137,0.23478642582301448,0,2
1,0.5126115866026267,0.3137283147328482,0,2
1,0.7921412593755164,0.29063765232754,0,2
1,0.2000367267977094,0.9923956780090811,0,2
1,0.06092215585407755,0.9333712630629016,0,2
1,0.0799861528311363,0.9209372725422027,0,2
1,0.04385033347567338,0.8679905223596824,0,2
1,0.32459130266841324,0.720463186427609,0,2
1,0.02193216509842758,0.9753800328547861,0,2
1,0.42815687396565394,0.9558417663426674,0,2
1,0.6014580439743276,0.33009852256997974,0,2
1,0.5314438690360749,0.09936204714464042,0,2
1,0.9687373216600359,0.19471763358443625,0,2
1,0.704092965552252,0.26364939837701684,0,2
1,0.1175184485159065,0.8397687093548383,0,2
1,0.38232607923745976,0.9972782371101673,0,2
1,0.07347907952987331,0.5068436761633268,0,2
1,0.2242614062908546,0.9272844105458403,0,2
1,0.25931506988170056,0.9042608668603811,0,2
1,0.027699361153280644,0.9039098360586614,0,2
1,0.4409634641165977,0.9626689597206127,0,2
1,0.02210032111302544,0.6382480983750517,0,2
1,0.5973523229216813,0.40597476862514764,0,2
1,0.7179306634991184,0.038891393226679144,0,2
1,0.5971609072203901,0.4282533019379484,0,2
1,0.7023182384795462,0.08871895721502564,0,2
1,0.8317389840001702,0.09735676255871274,0,2
1,0.39161681972721013,0.8994738844534789,0,2
1,0.15525059184741932,0.7308653547292544,0,2
1,0.2965912746927135,0.5622457844737015,0,2
1,0.47307680770200583,0.6521892317924536,0,2
1,0.04351613942290554,0.5342637470587916,0,2
1,0.4281747439402649,0.8314140975244758,0,2
1,0.48196805940580234,0.5580263923026384,0,2
1,0.6060238895225706,0.37606616623962563,0,2
1,0.8152307210939675,0.13929995128379827,0,2
1,0.6344496348647188,0.3353783975171348,0,2
1,0.6655989267588116,0.31517018162203003,0,2
1,0.35916012943652703,0.9479274251896477,0,2
1,0.4497752442700729,0.7974393280031375,0,2
1,0.17645591772408803,0.6206634203483128,0,2
1,0.23879970519597438,0.740604623973763,0,2
1,0.24771206508941437,0.7408970915619429,0,2
1,0.8107831725439912,0.1901999865736985,0,2
1,0.9212959355858623,0.11850398303222916,0,2
1,0.6660092423849868,0.2396677007892002,0,2
1,0.5226298645748795,0.13245508904020148,0,2
1,0.7940507142092192,0.02149606501085239,0,2
1,0.6486907068082146,0.21240094398556972,0,2
1,0.3188808073776261,0.5099932035399075,0,2
1,0.4495676741491547,0.6484678915190676,0,2
1,0.5664054001163197,0.3145000840058028,0,2
1,0.5899407602505524,0.3316570705032057,0,2
1,0.501750500488743,0.19382119662474448,0,2
1,0.8314103906761455,0.24035638992060332,0,2
1,0.10366782960702708,0.7695794811460076,0,2
1,0.45949980610079194,0.5006748100129057,0,2
1,0.26065909318052594,0.5451267536407189,0,2
1,0.33897917235154224,0.6917092114044058,0,2
1,0.3314924027103609,0.8321125725319377,0,2
1,0.005761872670218668,0.942168503382613,0,2
1,0.5208435700134288,0.01048505564076987,0,2
1,0.8214703377341367,0.09897857504017418,0,2
1,0.9570883986065497,0.07110754401555193,0,2
1,0.6532421679067351,0.05656011066801269,0,2
1,0.8757572651874772,0.4501499184806415,0,2
1,0.6516587216327288,0.1925433665898119,0,2
1,0.5105630948118982,0.4716351361449372,0,2
1,0.3007062229140894,0.9155302688900818,0,2
1,0.2804166618833663,0.7765590807020009,0,2
1,0.36519924328785747,0.6085283714511358,0,2
1,0.1845161778588231,0.5539913192931875,0,2
1,0.42296564637245415,0.7661179740693295,0,2
1,0.048718905193045954,0.5424709035422248,0,2
1,0.24017298977142532,0.5974726792242673,0,2
1,0.18773643380056088,0.5985560425046126,0,2
1,0.27931957899302373,0.7495919534655119,0,2
1,0.5483629007101833,0.043857399384185966,0,2
1,0.631588147292384,0.09199439403089724,0,2
1,0.7487905956396101,0.12296975974007071,0,2
1,0.5817191949515761,0.1694948087870176,0,2
1,0.9945769575261357,0.3893694136689593,0,2
1,0.6832381833415564,0.38142037326544254,0,2
1,0.6258184670006693,0.35028069433128645,0,2
1,0.4618860141526465,0.5255879246689819,0,2
1,0.1373489217103034,0.9813467128178428,0,2
1,0.0024186660372152824,0.6328424654034647,0,2
1,0.28971776503165697,0.7185904471494632,0,2
1,0.216648849563421,0.7153033285215653,0,2
1,0.09969507745620783,0.6533901563845415,0,2
1,0.39591491262833994,0.8828099793542137,0,2
1,0.7950369042032298,0.05576715161567318,0,2
1,0.6171410952328416,0.18203370673851063,0,2
1,0.6236202647810677,0.4584343207739734,0,2
1,0.5734445191814409,0.02447181301024998,0,2
1,0.6265284183657045,0.03630545279493555,0,2
1,0.532211916249644,0.0006508323095311019,0,2
1,0.21329287922626436,0.9292924095972467,0,2
1,0.051882411969527524,0.6537457066518609,0,2
1,0.4438452458116767,0.7479406173175802,0,2
1,0.4574535001164085,0.8962480002160691,0,2
1,0.1326759220791226,0.6299352619026494,0,2
1,0.30894500289083554,0.6728150856351046,0,2
1,0.8959810786245621,0.40220443871642103,0,2
1,0.9476647302609391,0.19607857210386465,0,2
1,0.7361648659848503,0.08996496124313445,0,2
1,0.9746838363012519,0.007449163712550124,0,2
1,0.5131648246210665,0.06255592243973108,0,2
1,0.556437312466654,0.008787934504143962,0,2
1,0.8143767258744993,0.13745316403054667,0,2
1,0.6438108465067968,0.43770901924702416,0,2
1,0.48598481420128326,0.6411648875555267,0,2
1,0.45189244750500723,0.7581350193672018,0,2
1,0.4324336316620261,0.8936385765931423,0,2
1,0.4600615843863924,0.6725926196439708,0,2
1,0.25099231513100484,0.5116688084989437,0,2
1,0.560143491514198,0.0007788069828202615,0,2
1,0.8944450679748337,0.13084577819353807,0,2
1,0.7590445842280189,0.3489026430537527,0,2
1,0.6508984862948035,0.19650147830812847,0,2
1,0.7445779154960909,0.0871210303589208,0,2
1,0.185142318539614,0.8995407627424153,0,2
1,0.4749538511254496,0.5498881365399022,0,2
1,0.3727486372330087,0.7674608891064244,0,2
1,0.11103639447323106,0.7177533367297829,0,2
1,0.19853916511139988,0.67494794019941,0,2
1,0.13564336996461268,0.918611580617629,0,2
1,0.37484297286512963,0.7362147542712657,0,2
1,0.4662159142250762,0.5252593958402122,0,2
1,0.17220725641805168,0.7523195340321503,0,2
1,0.05931017862617522,0.775568474698851,0,2
1,0.4462854777349411,0.8121113324585151,0,2
1,0.22838361220283718,0.6314979177110336,0,2
1,0.01887614526427126,0.5132837144066978,0,2
1,0.23170977098663798,0.9863931829722696,0,2
1,0.1469186821759359,0.7414379355389149,0,2
1,0.7000720336528484,0.2861272941015417,0,2
1,0.9303690589221923,0.06698587264193955,0,2
1,0.9390005872107038,0.004591271325480888,0,2
1,0.7702988145244667,0.2543306432629842,0,2
1,0.5880540489644351,0.39361044135157924,0,2
1,0.987986328339721,0.17927862571267225,0,2
1,0.5337363224866449,0.04753225542172691,0,2
1,0.5033661707934424,0.39145318383960037,0,2
1,0.05554839778193589,0.727279730128719,0,2
1,0.3095748630620164,0.6129485362180604,0,2
1,0.6710167970325326,0.2502771371592598,0,2
1,0.6497840954712569,0.4852651538562432,0,2
1,0.9205931935360271,0.21507406473741578,0,2
1,0.22573116633602422,0.860781680736447,0,2
1,0.3502824606364354,0.9940224885671702,0,2
1,0.4673596057846663,0.5145208808266588,0,2
1,0.4168548552803284,0.7567032697643742,0,2
1,0.4714001894031222,0.6573900666421089,0,2
1,0.23425519329398506,0.9098543603554663,0,2
1,0.8602815479482768,0.4737808747003839,0,2
1,0.8656707113203644,0.38664909322289315,0,2
1,0.7371588607849602,0.2790116481839005,0,2
1,0.6933961107069425,0.20468050931563922,0,2
1,0.9477525264098018,0.4573038931103951,0,2
1,0.8459320797492339,0.3528910819808729,0,2
1,0.34394793274208707,0.6818195361604396,0,2
1,0.43633257637779643,0.5305168873146587,0,2
1,0.2757087060562946,0.7952593007149679,0,2
1,0.1696676357298275,0.6140257987238517,0,2
1,0.2239639953571705,0.6460310185925568,0,2
1,0.14889128807834665,0.5072116841763475,0,2
1,0.22998792875586252,0.5037284224706157,0,2
1,0.36724028711078366,0.6062295492324883,0,2
1,0.03891994225900515,0.7837417389351542,0,2
1,0.7004619296941106,0.3787775833905475,0,2
1,0.6996741322186429,0.008584888226881455,0,2
1,0.6302728897623855,0.09633918429874855,0,2
1,0.5081032571173967,0.07970747507813276,0,2
1,0.605607583667311,0.3314331048087194,0,2
1,0.8940248822469804,0.11596153912386165,0,2
1,0.049271325434633015,0.9644588643779104,0,2
1,0.27630517194194976,0.9279791279781363,0,2
1,0.2213251964523466,0.5518508255882622,0,2
1,0.8387310034992118,0.04167028560662109,0,2
1,0.9918069424303118,0.2332786698255774,0,2
1,0.5148847340810362,0.10007776658112011,0,2
1,0.5839614862954359,0.3705416469886687,0,2
1,0.7669997200714302,0.28170090247643553,0,2
1,0.67785318030674,0.21640495746384605,0,2
1,0.6280650304171882,0.04253568490279883,0,2
1,0.10134766806639038,0.990024066597988,0,2
1,0.058469195637437237,0.5981944639856002,0,2
1,0.03241861582757572,0.8350166560698472,0,2
1,0.17835868123092483,0.89496136539007,0,2
1,0.43546636073222367,0.8054712118339882,0,2
1,0.14065062986996063,0.582444339355686,0,2
1,0.19111707828322028,0.8751922638161848,0,2
1,0.09530134279111002,0.7240133868166536,0,2
1,0.3795872707161422,0.7162312320469858,0,2
1,0.9986325880017176,0.30121606047921573,0,2
1,0.9442318828164077,0.22699015887541807,0,2
1,0.5746504715988763,0.2633421210085594,0,2
1,0.9117534416857838,0.3259543850284825,0,2
1,0.6141847650686035,0.439811564446198,0,2
1,0.7920307023166243,0.36497104016478504,0,2
1,0.7432163174125943,0.2509971156193893,0,2
1,0.7997882631854446,0.19141231348860052,0,2
1,0.07093172932104463,0.9853886227040017,0,2
1,0.1676689939267729,0.5433961270563712,0,2
1,0.32851515948122956,0.878895352973768,0,2
1,0.1827143531766812,0.9275128392923799,0,2
1,0.20531574264199123,0.5534325548429475,0,2
1,0.19292163034021492,0.5451090800411933,0,2
1,0.3693210269301279,0.6521902203421213,0,2
1,0.015160188820137808,0.8000110600267898,0,2
1,0.9036313763402773,0.10145226350825108,0,2
1,0.9105283877867578,0.3274994993912682,0,2
1,0.7102060066155831,0.012283009240774792,0,2
1,0.8318060072806756,0.11650287760597018,0,2
1,0.997883055589016,0.024465671534155634,0,2
1,0.3762573430770677,0.9111343849457255,0,2
1,0.16042374530267797,0.7738535955690838,0,2
1,0.4786083887108557,0.7906660942791386,0,2
1,0.12030840029819793,0.9879736131830813,0,2
1,0.2639339221322745,0.6442118488928037,0,2
1,0.172647115467459,0.9543338620581775,0,2
1,0.3056581451440205,0.6378435903143471,0,2
1,0.17980944456352005,0.7577399947213908,0,2
1,0.21184022500497754,0.907278901299141,0,2
1,0.24319669462775267,0.7690621114029448,0,2
1,0.9491435356471741,0.2605625675351404,0,2
1,0.9562434989612283,0.40439842293550105,0,2
1,0.5064353366419997,0.16973617849434242,0,2
1,0.7333152227254514,0.3806748143287074,0,2
1,0.7219691214054029,0.13087224743674702,0,2
1,0.727358992685363,0.22895884890654666,0,2
1,0.22928185070170945,0.7555388528093344,0,2
1,0.35197951664428356,0.585660767711267,0,2
1,0.38966210028971887,0.904047210152226,0,2
1,0.008629462007971756,0.6263787772528885,0,2
1,0.4219508007920951,0.540838865638388,0,2
1,0.2609213232501116,0.6224007178158084,0,2
1,0.2623990366490699,0.8226360440609451,0,2
1,0.1104749375097889,0.6152014986162414,0,2
1,0.29972193367800887,0.5834037738670863,0,2
1,0.16107373781842427,0.6392784634868921,0,2
1,0.922991376010717,0.3491660628041272,0,2
1,0.9374420057578382,0.1291245186205916,0,2
1,0.9269829703710858,0.10378553083641695,0,2
1,0.7081715487234946,0.3718696502545628,0,2
1,0.798751012576081,0.3841004859218684,0,2
1,0.8812483756604736,0.16194752137427187,0,2
1,0.7886036038447933,0.0710365247584802,0,2
1,0.35661136547485994,0.915904721151605,0,2
1,0.25025257213316465,0.9026982122966305,0,2
1,0.29780725927082297,0.514716940412582,0,2
1,0.010509854546673107,0.7882576823727776,0,2
1,0.012498681859868055,0.6347561678902398,0,2
1,0.01641724442719623,0.669261774764793,0,2
1,0.2462398099008362,0.973978651312073,0,2
1,0.30049021301060724,0.9586408890375118,0,2
1,0.0817959224627278,0.9679090210659511,0,2
1,0.6315708475215448,0.11482150180267182,0,2
1,0.9971998342743109,0.026977825137469578,0,2
1,0.6857741882829937,0.2194547954579721,0,2
1,0.773532247074937,0.4094410162502404,0,2
1,0.5877749275097337,0.17212683407371251,0,2
1,0.6929807830291341,0.18210430538665875,0,2
1,0.7542300508950014,0.2763203180021678,0,2
1,0.07486311302259992,0.680277037736948,0,2
1,0.18456248035585843,0.5662816839399725,0,2
1,0.2520700929505886,0.6307932212786136,0,2
1,0.05054952938853822,0.7551421706691483,0,2
1,0.11399205657071022,0.987028792396573,0,2
1,0.14503337602245753,0.8869783649019464,0,2
1,0.17931373399777978,0.7037318378037986,0,2
1,0.32065071583135635,0.7784639471818956,0,2
1,0.0218971690164299,0.9851818403519275,0,2
1,0.791338051147164,0.34597913065469205,0,2
1,0.54977542383065,0.23810379933574558,0,2
1,0.8799699924786566,0.012327662858049445,0,2
1,0.8396031602988844,0.09115567746033595,0,2
1,0.9275758595594898,0.41419778004315966,0,2
1,0.799207216280236,0.1348614716854799,0,2
1,0.6309708346749396,0.4069137658056068,0,2
1,0.07910342356453096,0.555971967301946,0,2
1,0.3891718801963467,0.7357791541902547,0,2
1,0.30568784806565225,0.9204747268559254,0,2
1,0.1252434650426563,0.6119957380541848,0,2
1,0.2609862630267199,0.825748664882354,0,2
1,0.29320889286874474,0.7245663118141059,0,2
1,0.45126062346360085,0.5003673146762395,0,2
1,0.31792073633240675,0.7174878213477464,0,2
1,0.3264065854127285,0.7045425817443705,0,2
1,0.22835777954699235,0.831134758409992,0,2
1,0.7004012567932787,0.3540720028860173,0,2
1,0.6706650195406226,0.3122394566102895,0,2
1,0.6036321911613197,0.11842016405740743,0,2
1,0.8105351273015523,0.3702430762176982,0,2
1,0.5840962508022775,0.38372953962281897,0,2
1,0.7082978886209833,0.36598641479273675,0,2
1,0.5855811920151806,0.20737402135631078,0,2
1,0.5805502471342319,0.002779692348316054,0,2
1,0.27825527510583803,0.6310393924785536,0,2
1,0.011332631138451866,0.755888954197553,0,2
1,0.03408433285373045,0.8003830298882094,0,2
1,0.31207199113421363,0.6553731150598681,0,2
1,0.1585458435106506,0.8783821221053846,0,2
1,0.1020638850101199,0.7028469451639083,0,2
1,0.06467741175458444,0.6712954396180489,0,2
1,0.19860128557911327,0.9323357528577974,0,2
1,0.6217400115818597,0.14662117409627037,0,2
1,0.7083392303032445,0.010314430660991558,0,2
1,0.7700756226376441,0.34575699039419755,0,2
1,0.6359726987182853,0.08407814067321065,0,2
1,0.9541934142077999,0.27410927035577987,0,2
1,0.5180246599871647,0.45172701399742177,0,2
1,0.5499231165116862,0.4530212468676447,0,2
1,0.9159137658190512,0.3241237590155619,0,2
1,0.09746532279723766,0.6525295134133823,0,2
1,0.10430876374004316,0.957129359368798,0,2
1,0.4698281440858848,0.6072092473532181,0,2
1,0.19590501696311252,0.9329731531295427,0,2
1,0.061651419592831935,0.8824683725110183,0,2
1,0.18433475284065626,0.9645535597083172,0,2
1,0.10012060201815617,0.7010383532029506,0,2
1,0.3401108503239445,0.7814981235994055,0,2
1,0.2896621353898199,0.8310280217824172,0,2
1,0.8616220312806546,0.48221150633439236,0,2
1,0.7244216080687496,0.3396291380435253,0,2
1,0.9795400954282333,0.36619433772633214,0,2
1,0.8627752106125863,0.3264282628662907,0,2
1,0.6712545991335779,0.33483394732234817,0,2
1,0.9866946407006864,0.22389126955628727,0,2
1,0.7636438556471915,0.15481842488018624,0,2
1,0.26900486313827376,0.7491887067618094,0,2
1,0.07833799523172075,0.5662793214319307,0,2
1,0.16261982718989842,0.7343795978677835,0,2
1,0.2372690167341034,0.8783435364858211,0,2
1,0.38900005398257104,0.739097002874239,0,2
1,0.4546494392598234,0.8294537190866291,0,2
1,0.44755937923631733,0.5872271032433471,0,2
1,0.46681942945835636,0.975822757956715,0,2
1,0.595762442906445,0.45175740226359556,0,2
1,0.5154192037439241,0.4843911754538894,0,2
1,0.6179324812235236,0.10882988590126601,0,2
1,0.8148485056016886,0.2606997525886066,0,2
1,0.5669836235377643,0.04267366963178384,0,2
1,0.501277686253697,0.1567535628185107,0,2
1,0.9617151538159708,0.1324332639165645,0,2
1,0.8793143941852856,0.044840973037065954,0,2
1,0.05611418151787134,0.616258745235557,0,2
1,0.368296318794432,0.556466245332695,0,2
1,0.01320649883857483,0.5462067613262702,0,2
1,0.0015060466792784632,0.7477057812038361,0,2
1,0.2540560465437483,0.9936672432605668,0,2
1,0.42548763578175364,0.8408454771372205,0,2
1,0.26930533132282547,0.5304251869646811,0,2
1,0.2689090807667837,0.5781326552077288,0,2
1,0.9843164280300524,0.12206585127945681,0,2
1,0.6604528987408012,0.04883084971146727,0,2
1,0.9540055928221746,0.3373974342270632,0,2
1,0.5161556746773499,0.3847779329329364,0,2
1,0.9954636544437676,0.15734232051194966,0,2
1,0.7502230526366358,0.2727163836786478,0,2
1,0.5195361911770492,0.4730246405074801,0,2
1,0.013097968362962129,0.6154541314464679,0,2
1,0.19501593942548118,0.8689587521074867,0,2
1,0.31752720106142296,0.5668526560058342,0,2
1,0.3491325437196674,0.8215984140282407,0,2
1,0.471540754737518,0.8301708868082068,0,2
1,0.4681206300484125,0.6551633484936903,0,2
1,0.29837387207389526,0.5583339907041491,0,2
1,0.7803876512616681,0.3261914769920357,0,2
1,0.5479998612395681,0.18601296669065956,0,2
1,0.8382978788611773,0.10575906220730724,0,2
1,0.7135117434609838,0.12820375501009942,0,2
1,0.7261187656655758,0.3468217541967144,0,2
1,0.9576766442850251,0.3332036313031484,0,2
1,0.638264507713886,0.23906873887181687,0,2
1,0.2564774059473369,0.8212892762961365,0,2
1,0.44327323177830447,0.7731712214681241,0,2
1,0.4301790214051112,0.9056884952493576,0,2
1,0.006155358943498699,0.9005181436427465,0,2

